<ImportExportXml version="9.2.23053.234" SolutionPackageVersion="9.2" languagecode="1033" generatedBy="CrmLive" xmlns:xsi="http://www.w3.org/2001/XMLSchema-instance">
  <SolutionManifest>
    <UniqueName>SHBXSustainabilitySolution</UniqueName>
    <LocalizedNames>
      <LocalizedName description="Contoso Automotive Sustainability Solution" languagecode="1033" />
    </LocalizedNames>
    <Descriptions />
    <Version>1.0.0.2</Version>
    <Managed>0</Managed>
    <Publisher>
      <UniqueName>SustainabilityHackbox</UniqueName>
      <LocalizedNames>
        <LocalizedName description="Sustainability Hackbox" languagecode="1033" />
      </LocalizedNames>
      <Descriptions />
      <EMailAddress xsi:nil="true"></EMailAddress>
      <SupportingWebsiteUrl xsi:nil="true"></SupportingWebsiteUrl>
      <CustomizationPrefix>shbx</CustomizationPrefix>
      <CustomizationOptionValuePrefix>33979</CustomizationOptionValuePrefix>
      <Addresses>
        <Address>
          <AddressNumber>1</AddressNumber>
          <AddressTypeCode>1</AddressTypeCode>
          <City xsi:nil="true"></City>
          <County xsi:nil="true"></County>
          <Country xsi:nil="true"></Country>
          <Fax xsi:nil="true"></Fax>
          <FreightTermsCode xsi:nil="true"></FreightTermsCode>
          <ImportSequenceNumber xsi:nil="true"></ImportSequenceNumber>
          <Latitude xsi:nil="true"></Latitude>
          <Line1 xsi:nil="true"></Line1>
          <Line2 xsi:nil="true"></Line2>
          <Line3 xsi:nil="true"></Line3>
          <Longitude xsi:nil="true"></Longitude>
          <Name xsi:nil="true"></Name>
          <PostalCode xsi:nil="true"></PostalCode>
          <PostOfficeBox xsi:nil="true"></PostOfficeBox>
          <PrimaryContactName xsi:nil="true"></PrimaryContactName>
          <ShippingMethodCode>1</ShippingMethodCode>
          <StateOrProvince xsi:nil="true"></StateOrProvince>
          <Telephone1 xsi:nil="true"></Telephone1>
          <Telephone2 xsi:nil="true"></Telephone2>
          <Telephone3 xsi:nil="true"></Telephone3>
          <TimeZoneRuleVersionNumber xsi:nil="true"></TimeZoneRuleVersionNumber>
          <UPSZone xsi:nil="true"></UPSZone>
          <UTCOffset xsi:nil="true"></UTCOffset>
          <UTCConversionTimeZoneCode xsi:nil="true"></UTCConversionTimeZoneCode>
        </Address>
        <Address>
          <AddressNumber>2</AddressNumber>
          <AddressTypeCode>1</AddressTypeCode>
          <City xsi:nil="true"></City>
          <County xsi:nil="true"></County>
          <Country xsi:nil="true"></Country>
          <Fax xsi:nil="true"></Fax>
          <FreightTermsCode xsi:nil="true"></FreightTermsCode>
          <ImportSequenceNumber xsi:nil="true"></ImportSequenceNumber>
          <Latitude xsi:nil="true"></Latitude>
          <Line1 xsi:nil="true"></Line1>
          <Line2 xsi:nil="true"></Line2>
          <Line3 xsi:nil="true"></Line3>
          <Longitude xsi:nil="true"></Longitude>
          <Name xsi:nil="true"></Name>
          <PostalCode xsi:nil="true"></PostalCode>
          <PostOfficeBox xsi:nil="true"></PostOfficeBox>
          <PrimaryContactName xsi:nil="true"></PrimaryContactName>
          <ShippingMethodCode>1</ShippingMethodCode>
          <StateOrProvince xsi:nil="true"></StateOrProvince>
          <Telephone1 xsi:nil="true"></Telephone1>
          <Telephone2 xsi:nil="true"></Telephone2>
          <Telephone3 xsi:nil="true"></Telephone3>
          <TimeZoneRuleVersionNumber xsi:nil="true"></TimeZoneRuleVersionNumber>
          <UPSZone xsi:nil="true"></UPSZone>
          <UTCOffset xsi:nil="true"></UTCOffset>
          <UTCConversionTimeZoneCode xsi:nil="true"></UTCConversionTimeZoneCode>
        </Address>
      </Addresses>
    </Publisher>
    <RootComponents>
      <RootComponent type="61" schemaName="shbx_Logo" behavior="0" />
      <RootComponent type="62" schemaName="msdyn_sustainability" behavior="0" />
      <RootComponent type="80" schemaName="msdyn_sustainability" behavior="0" />
    </RootComponents>
    <MissingDependencies>
      <MissingDependency>
        <Required type="1" schemaName="msdyn_accommodationtype" displayName="Accommodation type" solution="msdyn_SustainabilityCarbonDataModel (2.10.0.271)">
          <package>msdyn_SustainabilityAnchor (2.10.0.271)</package>
          <package>msdyn_SustainabilityDataModelAnchor (2.9.0.387)</package>
        </Required>
        <Dependent type="80" schemaName="msdyn_sustainability" displayName="Contoso Automotive" />
      </MissingDependency>
      <MissingDependency>
        <Required type="1" schemaName="msdyn_allocationmethod" displayName="Allocation method" solution="msdyn_SustainabilityApplication (2.10.0.271)">
          <package>msdyn_SustainabilityAnchor (2.10.0.271)</package>
        </Required>
        <Dependent type="80" schemaName="msdyn_sustainability" displayName="Contoso Automotive" />
      </MissingDependency>
      <MissingDependency>
        <Required type="1" schemaName="msdyn_allocationmethoddetail" displayName="Allocation method detail" solution="msdyn_SustainabilityApplication (2.10.0.271)">
          <package>msdyn_SustainabilityAnchor (2.10.0.271)</package>
        </Required>
        <Dependent type="80" schemaName="msdyn_sustainability" displayName="Contoso Automotive" />
      </MissingDependency>
      <MissingDependency>
        <Required type="1" schemaName="msdyn_allocationprofile" displayName="Allocation profile" solution="msdyn_SustainabilityApplication (2.10.0.271)">
          <package>msdyn_SustainabilityAnchor (2.10.0.271)</package>
        </Required>
        <Dependent type="62" schemaName="msdyn_sustainability" />
      </MissingDependency>
      <MissingDependency>
        <Required type="1" schemaName="msdyn_allocationprofile" displayName="Allocation profile" solution="msdyn_SustainabilityApplication (2.10.0.271)">
          <package>msdyn_SustainabilityAnchor (2.10.0.271)</package>
        </Required>
        <Dependent type="80" schemaName="msdyn_sustainability" displayName="Contoso Automotive" />
      </MissingDependency>
      <MissingDependency>
        <Required type="1" schemaName="msdyn_allocationresult" displayName="Allocation result" solution="msdyn_SustainabilityApplication (2.10.0.271)">
          <package>msdyn_SustainabilityAnchor (2.10.0.271)</package>
        </Required>
        <Dependent type="80" schemaName="msdyn_sustainability" displayName="Contoso Automotive" />
      </MissingDependency>
      <MissingDependency>
        <Required type="1" schemaName="msdyn_businesstravel" displayName="Business Travel" solution="msdyn_SustainabilityCarbonDataModel (2.10.0.271)">
          <package>msdyn_SustainabilityAnchor (2.10.0.271)</package>
          <package>msdyn_SustainabilityDataModelAnchor (2.9.0.387)</package>
        </Required>
        <Dependent type="80" schemaName="msdyn_sustainability" displayName="Contoso Automotive" />
      </MissingDependency>
      <MissingDependency>
        <Required type="1" schemaName="msdyn_businesstraveltype" displayName="Business travel type" solution="msdyn_SustainabilityCarbonDataModel (2.10.0.271)">
          <package>msdyn_SustainabilityAnchor (2.10.0.271)</package>
          <package>msdyn_SustainabilityDataModelAnchor (2.9.0.387)</package>
        </Required>
        <Dependent type="80" schemaName="msdyn_sustainability" displayName="Contoso Automotive" />
      </MissingDependency>
      <MissingDependency>
        <Required type="1" schemaName="msdyn_calculationjob" displayName="Calculation job" solution="msdyn_SustainabilityApplication (2.10.0.271)">
          <package>msdyn_SustainabilityAnchor (2.10.0.271)</package>
        </Required>
        <Dependent type="80" schemaName="msdyn_sustainability" displayName="Contoso Automotive" />
      </MissingDependency>
      <MissingDependency>
        <Required type="1" schemaName="msdyn_calculationlibrary" displayName="Factor library" solution="msdyn_SustainabilitySharedDataModel (2.10.0.271)">
          <package>msdyn_SustainabilityAnchor (2.10.0.271)</package>
          <package>msdyn_SustainabilityDataModelAnchor (2.9.0.387)</package>
          <package>msdyn_SustainabilityWasteDataModelAnchor (2.9.0.387)</package>
          <package>msdyn_SustainabilityWaterDataModelAnchor (2.9.0.387)</package>
        </Required>
        <Dependent type="62" schemaName="msdyn_sustainability" />
      </MissingDependency>
      <MissingDependency>
        <Required type="1" schemaName="msdyn_calculationlibrary" displayName="Factor library" solution="msdyn_SustainabilitySharedDataModel (2.10.0.271)">
          <package>msdyn_SustainabilityAnchor (2.10.0.271)</package>
          <package>msdyn_SustainabilityDataModelAnchor (2.9.0.387)</package>
          <package>msdyn_SustainabilityWasteDataModelAnchor (2.9.0.387)</package>
          <package>msdyn_SustainabilityWaterDataModelAnchor (2.9.0.387)</package>
        </Required>
        <Dependent type="80" schemaName="msdyn_sustainability" displayName="Contoso Automotive" />
      </MissingDependency>
      <MissingDependency>
        <Required type="1" schemaName="msdyn_calculationprofile" displayName="Calculation profile" solution="msdyn_SustainabilityApplication (2.10.0.271)">
          <package>msdyn_SustainabilityAnchor (2.10.0.271)</package>
        </Required>
        <Dependent type="62" schemaName="msdyn_sustainability" />
      </MissingDependency>
      <MissingDependency>
        <Required type="1" schemaName="msdyn_calculationprofile" displayName="Calculation profile" solution="msdyn_SustainabilityApplication (2.10.0.271)">
          <package>msdyn_SustainabilityAnchor (2.10.0.271)</package>
        </Required>
        <Dependent type="80" schemaName="msdyn_sustainability" displayName="Contoso Automotive" />
      </MissingDependency>
      <MissingDependency>
        <Required type="1" schemaName="msdyn_capitalgood" displayName="Capital good" solution="msdyn_SustainabilityCarbonDataModel (2.10.0.271)">
          <package>msdyn_SustainabilityAnchor (2.10.0.271)</package>
          <package>msdyn_SustainabilityDataModelAnchor (2.9.0.387)</package>
        </Required>
        <Dependent type="80" schemaName="msdyn_sustainability" displayName="Contoso Automotive" />
      </MissingDependency>
      <MissingDependency>
        <Required type="1" schemaName="msdyn_connectorprovider" displayName="Connector provider" solution="msdyn_SustainabilityApplication (2.10.0.271)">
          <package>msdyn_SustainabilityAnchor (2.10.0.271)</package>
        </Required>
        <Dependent type="62" schemaName="msdyn_sustainability" />
      </MissingDependency>
      <MissingDependency>
        <Required type="1" schemaName="msdyn_connectorprovider" displayName="Connector provider" solution="msdyn_SustainabilityApplication (2.10.0.271)">
          <package>msdyn_SustainabilityAnchor (2.10.0.271)</package>
        </Required>
        <Dependent type="80" schemaName="msdyn_sustainability" displayName="Contoso Automotive" />
      </MissingDependency>
      <MissingDependency>
        <Required type="1" schemaName="msdyn_connecttodatapreset" displayName="Connect to data preset" solution="msdyn_SustainabilityApplication (2.10.0.271)">
          <package>msdyn_SustainabilityAnchor (2.10.0.271)</package>
        </Required>
        <Dependent type="80" schemaName="msdyn_sustainability" displayName="Contoso Automotive" />
      </MissingDependency>
      <MissingDependency>
        <Required type="1" schemaName="msdyn_contractualinstrumenttype" displayName="Contractual instrument type" solution="msdyn_SustainabilityCarbonDataModel (2.10.0.271)">
          <package>msdyn_SustainabilityAnchor (2.10.0.271)</package>
          <package>msdyn_SustainabilityDataModelAnchor (2.9.0.387)</package>
        </Required>
        <Dependent type="80" schemaName="msdyn_sustainability" displayName="Contoso Automotive" />
      </MissingDependency>
      <MissingDependency>
        <Required type="1" schemaName="msdyn_countryregionmapping" displayName="Country/Region mapping" solution="msdyn_SustainabilitySharedDataModel (2.10.0.271)">
          <package>msdyn_SustainabilityAnchor (2.10.0.271)</package>
          <package>msdyn_SustainabilityDataModelAnchor (2.9.0.387)</package>
          <package>msdyn_SustainabilityWasteDataModelAnchor (2.9.0.387)</package>
          <package>msdyn_SustainabilityWaterDataModelAnchor (2.9.0.387)</package>
        </Required>
        <Dependent type="62" schemaName="msdyn_sustainability" />
      </MissingDependency>
      <MissingDependency>
        <Required type="1" schemaName="msdyn_countryregionmapping" displayName="Country/Region mapping" solution="msdyn_SustainabilitySharedDataModel (2.10.0.271)">
          <package>msdyn_SustainabilityAnchor (2.10.0.271)</package>
          <package>msdyn_SustainabilityDataModelAnchor (2.9.0.387)</package>
          <package>msdyn_SustainabilityWasteDataModelAnchor (2.9.0.387)</package>
          <package>msdyn_SustainabilityWaterDataModelAnchor (2.9.0.387)</package>
        </Required>
        <Dependent type="80" schemaName="msdyn_sustainability" displayName="Contoso Automotive" />
      </MissingDependency>
      <MissingDependency>
        <Required type="1" schemaName="msdyn_dataanalyticsreport" displayName="Data Analytics Report" solution="msdyn_DataInsightsAndAnalytics (1.2.23100.4)">
          <package>msdyn_CustomerServiceAnalyticsAnchor (1.2.23100.4)</package>
          <package>msdyn_SustainabilityAnchor (2.10.0.271)</package>
        </Required>
        <Dependent type="62" schemaName="msdyn_sustainability" />
      </MissingDependency>
      <MissingDependency>
        <Required type="1" schemaName="msdyn_dataanalyticsreport_sustainability" displayName="Sustainability report" solution="msdyn_InsightsAnalyticsForSustainability (2.10.0.271)">
          <package>msdyn_SustainabilityAnchor (2.10.0.271)</package>
        </Required>
        <Dependent type="80" schemaName="msdyn_sustainability" displayName="Contoso Automotive" />
      </MissingDependency>
      <MissingDependency>
        <Required type="1" schemaName="msdyn_dataconnection" displayName="Connection" solution="msdyn_SustainabilityApplication (2.10.0.271)">
          <package>msdyn_SustainabilityAnchor (2.10.0.271)</package>
        </Required>
        <Dependent type="62" schemaName="msdyn_sustainability" />
      </MissingDependency>
      <MissingDependency>
        <Required type="1" schemaName="msdyn_dataconnection" displayName="Connection" solution="msdyn_SustainabilityApplication (2.10.0.271)">
          <package>msdyn_SustainabilityAnchor (2.10.0.271)</package>
        </Required>
        <Dependent type="80" schemaName="msdyn_sustainability" displayName="Contoso Automotive" />
      </MissingDependency>
      <MissingDependency>
        <Required type="1" schemaName="msdyn_dataconnectionrefresh" displayName="Connection refresh" solution="msdyn_SustainabilityApplication (2.10.0.271)">
          <package>msdyn_SustainabilityAnchor (2.10.0.271)</package>
        </Required>
        <Dependent type="80" schemaName="msdyn_sustainability" displayName="Contoso Automotive" />
      </MissingDependency>
      <MissingDependency>
        <Required type="1" schemaName="msdyn_dataconnector" displayName="Connector" solution="msdyn_SustainabilityApplication (2.10.0.271)">
          <package>msdyn_SustainabilityAnchor (2.10.0.271)</package>
        </Required>
        <Dependent type="80" schemaName="msdyn_sustainability" displayName="Contoso Automotive" />
      </MissingDependency>
      <MissingDependency>
        <Required type="1" schemaName="msdyn_dataconnectortag" displayName="Connector tag" solution="msdyn_SustainabilityApplication (2.10.0.271)">
          <package>msdyn_SustainabilityAnchor (2.10.0.271)</package>
        </Required>
        <Dependent type="80" schemaName="msdyn_sustainability" displayName="Contoso Automotive" />
      </MissingDependency>
      <MissingDependency>
        <Required type="1" schemaName="msdyn_disposalmethod" displayName="Disposal method" solution="msdyn_SustainabilityCarbonDataModel (2.10.0.271)">
          <package>msdyn_SustainabilityAnchor (2.10.0.271)</package>
          <package>msdyn_SustainabilityDataModelAnchor (2.9.0.387)</package>
        </Required>
        <Dependent type="80" schemaName="msdyn_sustainability" displayName="Contoso Automotive" />
      </MissingDependency>
      <MissingDependency>
        <Required type="1" schemaName="msdyn_emission" displayName="Emission" solution="msdyn_SustainabilityCarbonDataModel (2.10.0.271)">
          <package>msdyn_SustainabilityAnchor (2.10.0.271)</package>
          <package>msdyn_SustainabilityDataModelAnchor (2.9.0.387)</package>
        </Required>
        <Dependent type="62" schemaName="msdyn_sustainability" />
      </MissingDependency>
      <MissingDependency>
        <Required type="1" schemaName="msdyn_emission" displayName="Emission" solution="msdyn_SustainabilityCarbonDataModel (2.10.0.271)">
          <package>msdyn_SustainabilityAnchor (2.10.0.271)</package>
          <package>msdyn_SustainabilityDataModelAnchor (2.9.0.387)</package>
        </Required>
        <Dependent type="80" schemaName="msdyn_sustainability" displayName="Contoso Automotive" />
      </MissingDependency>
      <MissingDependency>
        <Required type="1" schemaName="msdyn_emissioncalculation" displayName="Emission calculation" solution="msdyn_SustainabilityApplication (2.10.0.271)">
          <package>msdyn_SustainabilityAnchor (2.10.0.271)</package>
        </Required>
        <Dependent type="62" schemaName="msdyn_sustainability" />
      </MissingDependency>
      <MissingDependency>
        <Required type="1" schemaName="msdyn_emissioncalculation" displayName="Emission calculation" solution="msdyn_SustainabilityApplication (2.10.0.271)">
          <package>msdyn_SustainabilityAnchor (2.10.0.271)</package>
        </Required>
        <Dependent type="80" schemaName="msdyn_sustainability" displayName="Contoso Automotive" />
      </MissingDependency>
      <MissingDependency>
        <Required type="1" schemaName="msdyn_emissioncalculationerror" displayName="Emission calculation error" solution="msdyn_SustainabilityApplication (2.10.0.271)">
          <package>msdyn_SustainabilityAnchor (2.10.0.271)</package>
        </Required>
        <Dependent type="80" schemaName="msdyn_sustainability" displayName="Contoso Automotive" />
      </MissingDependency>
      <MissingDependency>
        <Required type="1" schemaName="msdyn_emissionfactor" displayName="Emission factor" solution="msdyn_SustainabilitySharedDataModel (2.10.0.271)">
          <package>msdyn_SustainabilityAnchor (2.10.0.271)</package>
          <package>msdyn_SustainabilityDataModelAnchor (2.9.0.387)</package>
          <package>msdyn_SustainabilityWasteDataModelAnchor (2.9.0.387)</package>
          <package>msdyn_SustainabilityWaterDataModelAnchor (2.9.0.387)</package>
        </Required>
        <Dependent type="80" schemaName="msdyn_sustainability" displayName="Contoso Automotive" />
      </MissingDependency>
      <MissingDependency>
        <Required type="1" schemaName="msdyn_emissionlookup" displayName="Factor mapping" solution="msdyn_SustainabilitySharedDataModel (2.10.0.271)">
          <package>msdyn_SustainabilityAnchor (2.10.0.271)</package>
          <package>msdyn_SustainabilityDataModelAnchor (2.9.0.387)</package>
          <package>msdyn_SustainabilityWasteDataModelAnchor (2.9.0.387)</package>
          <package>msdyn_SustainabilityWaterDataModelAnchor (2.9.0.387)</package>
        </Required>
        <Dependent type="80" schemaName="msdyn_sustainability" displayName="Contoso Automotive" />
      </MissingDependency>
      <MissingDependency>
        <Required type="1" schemaName="msdyn_emissionsource" displayName="Emissions source" solution="msdyn_SustainabilityCarbonDataModel (2.10.0.271)">
          <package>msdyn_SustainabilityAnchor (2.10.0.271)</package>
          <package>msdyn_SustainabilityDataModelAnchor (2.9.0.387)</package>
        </Required>
        <Dependent type="80" schemaName="msdyn_sustainability" displayName="Contoso Automotive" />
      </MissingDependency>
      <MissingDependency>
        <Required type="1" schemaName="msdyn_employeecommuting" displayName="Employee Commuting" solution="msdyn_SustainabilityCarbonDataModel (2.10.0.271)">
          <package>msdyn_SustainabilityAnchor (2.10.0.271)</package>
          <package>msdyn_SustainabilityDataModelAnchor (2.9.0.387)</package>
        </Required>
        <Dependent type="80" schemaName="msdyn_sustainability" displayName="Contoso Automotive" />
      </MissingDependency>
      <MissingDependency>
        <Required type="1" schemaName="msdyn_employeecommutingtype" displayName="Employee commuting type" solution="msdyn_SustainabilityCarbonDataModel (2.10.0.271)">
          <package>msdyn_SustainabilityAnchor (2.10.0.271)</package>
          <package>msdyn_SustainabilityDataModelAnchor (2.9.0.387)</package>
        </Required>
        <Dependent type="80" schemaName="msdyn_sustainability" displayName="Contoso Automotive" />
      </MissingDependency>
      <MissingDependency>
        <Required type="1" schemaName="msdyn_enablereport_sustainability" displayName="Report settings" solution="msdyn_InsightsAnalyticsForSustainability (2.10.0.271)">
          <package>msdyn_SustainabilityAnchor (2.10.0.271)</package>
        </Required>
        <Dependent type="62" schemaName="msdyn_sustainability" />
      </MissingDependency>
      <MissingDependency>
        <Required type="1" schemaName="msdyn_endoflifetreatmentofsoldproducts" displayName="End-of-life treatment of sold products" solution="msdyn_SustainabilityCarbonDataModel (2.10.0.271)">
          <package>msdyn_SustainabilityAnchor (2.10.0.271)</package>
          <package>msdyn_SustainabilityDataModelAnchor (2.9.0.387)</package>
        </Required>
        <Dependent type="80" schemaName="msdyn_sustainability" displayName="Contoso Automotive" />
      </MissingDependency>
      <MissingDependency>
        <Required type="1" schemaName="msdyn_estimationfactor" displayName="Estimation factor" solution="msdyn_SustainabilitySharedDataModel (2.10.0.271)">
          <package>msdyn_SustainabilityAnchor (2.10.0.271)</package>
          <package>msdyn_SustainabilityDataModelAnchor (2.9.0.387)</package>
          <package>msdyn_SustainabilityWasteDataModelAnchor (2.9.0.387)</package>
          <package>msdyn_SustainabilityWaterDataModelAnchor (2.9.0.387)</package>
        </Required>
        <Dependent type="80" schemaName="msdyn_sustainability" displayName="Contoso Automotive" />
      </MissingDependency>
      <MissingDependency>
        <Required type="1" schemaName="msdyn_facility" displayName="Facility" solution="msdyn_SustainabilitySharedDataModel (2.10.0.271)">
          <package>msdyn_SustainabilityAnchor (2.10.0.271)</package>
          <package>msdyn_SustainabilityDataModelAnchor (2.9.0.387)</package>
          <package>msdyn_SustainabilityWasteDataModelAnchor (2.9.0.387)</package>
          <package>msdyn_SustainabilityWaterDataModelAnchor (2.9.0.387)</package>
        </Required>
        <Dependent type="80" schemaName="msdyn_sustainability" displayName="Contoso Automotive" />
      </MissingDependency>
      <MissingDependency>
        <Required type="1" schemaName="msdyn_facilityannualdetail" displayName="Facility usage detail" solution="msdyn_SustainabilitySharedDataModel (2.10.0.271)">
          <package>msdyn_SustainabilityAnchor (2.10.0.271)</package>
          <package>msdyn_SustainabilityDataModelAnchor (2.9.0.387)</package>
          <package>msdyn_SustainabilityWasteDataModelAnchor (2.9.0.387)</package>
          <package>msdyn_SustainabilityWaterDataModelAnchor (2.9.0.387)</package>
        </Required>
        <Dependent type="80" schemaName="msdyn_sustainability" displayName="Contoso Automotive" />
      </MissingDependency>
      <MissingDependency>
        <Required type="1" schemaName="msdyn_facilitytype" displayName="Facility type" solution="msdyn_SustainabilitySharedDataModel (2.10.0.271)">
          <package>msdyn_SustainabilityAnchor (2.10.0.271)</package>
          <package>msdyn_SustainabilityDataModelAnchor (2.9.0.387)</package>
          <package>msdyn_SustainabilityWasteDataModelAnchor (2.9.0.387)</package>
          <package>msdyn_SustainabilityWaterDataModelAnchor (2.9.0.387)</package>
        </Required>
        <Dependent type="80" schemaName="msdyn_sustainability" displayName="Contoso Automotive" />
      </MissingDependency>
      <MissingDependency>
        <Required type="1" schemaName="msdyn_fueltype" displayName="Fuel type" solution="msdyn_SustainabilityCarbonDataModel (2.10.0.271)">
          <package>msdyn_SustainabilityAnchor (2.10.0.271)</package>
          <package>msdyn_SustainabilityDataModelAnchor (2.9.0.387)</package>
        </Required>
        <Dependent type="80" schemaName="msdyn_sustainability" displayName="Contoso Automotive" />
      </MissingDependency>
      <MissingDependency>
        <Required type="1" schemaName="msdyn_fugitiveemission" displayName="Fugitive emission" solution="msdyn_SustainabilityCarbonDataModel (2.10.0.271)">
          <package>msdyn_SustainabilityAnchor (2.10.0.271)</package>
          <package>msdyn_SustainabilityDataModelAnchor (2.9.0.387)</package>
        </Required>
        <Dependent type="80" schemaName="msdyn_sustainability" displayName="Contoso Automotive" />
      </MissingDependency>
      <MissingDependency>
        <Required type="1" schemaName="msdyn_gettingstarted" displayName="Getting started" solution="msdyn_SustainabilityApplication (2.10.0.271)">
          <package>msdyn_SustainabilityAnchor (2.10.0.271)</package>
        </Required>
        <Dependent type="80" schemaName="msdyn_sustainability" displayName="Contoso Automotive" />
      </MissingDependency>
      <MissingDependency>
        <Required type="1" schemaName="msdyn_goal" displayName="Goal" solution="msdyn_SustainabilityApplication (2.10.0.271)">
          <package>msdyn_SustainabilityAnchor (2.10.0.271)</package>
        </Required>
        <Dependent type="80" schemaName="msdyn_sustainability" displayName="Contoso Automotive" />
      </MissingDependency>
      <MissingDependency>
        <Required type="1" schemaName="msdyn_goalcheckin" displayName="Check-in" solution="msdyn_SustainabilityApplication (2.10.0.271)">
          <package>msdyn_SustainabilityAnchor (2.10.0.271)</package>
        </Required>
        <Dependent type="80" schemaName="msdyn_sustainability" displayName="Contoso Automotive" />
      </MissingDependency>
      <MissingDependency>
        <Required type="1" schemaName="msdyn_goaldatarefresh" displayName="Goal data refresh" solution="msdyn_SustainabilityApplication (2.10.0.271)">
          <package>msdyn_SustainabilityAnchor (2.10.0.271)</package>
        </Required>
        <Dependent type="80" schemaName="msdyn_sustainability" displayName="Contoso Automotive" />
      </MissingDependency>
      <MissingDependency>
        <Required type="1" schemaName="msdyn_greenhousegas" displayName="Greenhouse gas" solution="msdyn_SustainabilityCarbonDataModel (2.10.0.271)">
          <package>msdyn_SustainabilityAnchor (2.10.0.271)</package>
          <package>msdyn_SustainabilityDataModelAnchor (2.9.0.387)</package>
        </Required>
        <Dependent type="62" schemaName="msdyn_sustainability" />
      </MissingDependency>
      <MissingDependency>
        <Required type="1" schemaName="msdyn_greenhousegas" displayName="Greenhouse gas" solution="msdyn_SustainabilityCarbonDataModel (2.10.0.271)">
          <package>msdyn_SustainabilityAnchor (2.10.0.271)</package>
          <package>msdyn_SustainabilityDataModelAnchor (2.9.0.387)</package>
        </Required>
        <Dependent type="80" schemaName="msdyn_sustainability" displayName="Contoso Automotive" />
      </MissingDependency>
      <MissingDependency>
        <Required type="1" schemaName="msdyn_industrialprocess" displayName="Industrial process" solution="msdyn_SustainabilityCarbonDataModel (2.10.0.271)">
          <package>msdyn_SustainabilityAnchor (2.10.0.271)</package>
          <package>msdyn_SustainabilityDataModelAnchor (2.9.0.387)</package>
        </Required>
        <Dependent type="80" schemaName="msdyn_sustainability" displayName="Contoso Automotive" />
      </MissingDependency>
      <MissingDependency>
        <Required type="1" schemaName="msdyn_industrialprocesstype" displayName="Industrial process type" solution="msdyn_SustainabilitySharedDataModel (2.10.0.271)">
          <package>msdyn_SustainabilityAnchor (2.10.0.271)</package>
          <package>msdyn_SustainabilityDataModelAnchor (2.9.0.387)</package>
          <package>msdyn_SustainabilityWasteDataModelAnchor (2.9.0.387)</package>
          <package>msdyn_SustainabilityWaterDataModelAnchor (2.9.0.387)</package>
        </Required>
        <Dependent type="80" schemaName="msdyn_sustainability" displayName="Contoso Automotive" />
      </MissingDependency>
      <MissingDependency>
        <Required type="1" schemaName="msdyn_industry" displayName="Industry" solution="msdyn_SustainabilitySharedDataModel (2.10.0.271)">
          <package>msdyn_SustainabilityAnchor (2.10.0.271)</package>
          <package>msdyn_SustainabilityDataModelAnchor (2.9.0.387)</package>
          <package>msdyn_SustainabilityWasteDataModelAnchor (2.9.0.387)</package>
          <package>msdyn_SustainabilityWaterDataModelAnchor (2.9.0.387)</package>
        </Required>
        <Dependent type="80" schemaName="msdyn_sustainability" displayName="Contoso Automotive" />
      </MissingDependency>
      <MissingDependency>
        <Required type="1" schemaName="msdyn_industryclassification" displayName="Industry classification" solution="msdyn_SustainabilitySharedDataModel (2.10.0.271)">
          <package>msdyn_SustainabilityAnchor (2.10.0.271)</package>
          <package>msdyn_SustainabilityDataModelAnchor (2.9.0.387)</package>
          <package>msdyn_SustainabilityWasteDataModelAnchor (2.9.0.387)</package>
          <package>msdyn_SustainabilityWaterDataModelAnchor (2.9.0.387)</package>
        </Required>
        <Dependent type="80" schemaName="msdyn_sustainability" displayName="Contoso Automotive" />
      </MissingDependency>
      <MissingDependency>
        <Required type="1" schemaName="msdyn_material" displayName="Material" solution="msdyn_SustainabilitySharedDataModel (2.10.0.271)">
          <package>msdyn_SustainabilityAnchor (2.10.0.271)</package>
          <package>msdyn_SustainabilityDataModelAnchor (2.9.0.387)</package>
          <package>msdyn_SustainabilityWasteDataModelAnchor (2.9.0.387)</package>
          <package>msdyn_SustainabilityWaterDataModelAnchor (2.9.0.387)</package>
        </Required>
        <Dependent type="80" schemaName="msdyn_sustainability" displayName="Contoso Automotive" />
      </MissingDependency>
      <MissingDependency>
        <Required type="1" schemaName="msdyn_mobilecombustion" displayName="Mobile combustion" solution="msdyn_SustainabilityCarbonDataModel (2.10.0.271)">
          <package>msdyn_SustainabilityAnchor (2.10.0.271)</package>
          <package>msdyn_SustainabilityDataModelAnchor (2.9.0.387)</package>
        </Required>
        <Dependent type="80" schemaName="msdyn_sustainability" displayName="Contoso Automotive" />
      </MissingDependency>
      <MissingDependency>
        <Required type="1" schemaName="msdyn_msteamssettingsv2" displayName="msdyn_msteamssettingsv2" solution="msdynce_OfficeProductivity (9.0.23053.10001)">
          <package>msdyn_SustainabilityAnchor (2.10.0.271)</package>
          <package>msdynce_OfficeProductivityAnchor (9.0.23053.10001)</package>
        </Required>
        <Dependent type="62" schemaName="msdyn_sustainability" />
      </MissingDependency>
      <MissingDependency>
        <Required type="1" schemaName="msdyn_organizationalprofile" displayName="Organizational profile" solution="msdyn_SustainabilitySharedDataModel (2.10.0.271)">
          <package>msdyn_SustainabilityAnchor (2.10.0.271)</package>
          <package>msdyn_SustainabilityDataModelAnchor (2.9.0.387)</package>
          <package>msdyn_SustainabilityWasteDataModelAnchor (2.9.0.387)</package>
          <package>msdyn_SustainabilityWaterDataModelAnchor (2.9.0.387)</package>
        </Required>
        <Dependent type="62" schemaName="msdyn_sustainability" />
      </MissingDependency>
      <MissingDependency>
        <Required type="1" schemaName="msdyn_organizationalprofile" displayName="Organizational profile" solution="msdyn_SustainabilitySharedDataModel (2.10.0.271)">
          <package>msdyn_SustainabilityAnchor (2.10.0.271)</package>
          <package>msdyn_SustainabilityDataModelAnchor (2.9.0.387)</package>
          <package>msdyn_SustainabilityWasteDataModelAnchor (2.9.0.387)</package>
          <package>msdyn_SustainabilityWaterDataModelAnchor (2.9.0.387)</package>
        </Required>
        <Dependent type="80" schemaName="msdyn_sustainability" displayName="Contoso Automotive" />
      </MissingDependency>
      <MissingDependency>
        <Required type="1" schemaName="msdyn_organizationalunitrevenue" displayName="Monthly revenue" solution="msdyn_SustainabilitySharedDataModel (2.10.0.271)">
          <package>msdyn_SustainabilityAnchor (2.10.0.271)</package>
          <package>msdyn_SustainabilityDataModelAnchor (2.9.0.387)</package>
          <package>msdyn_SustainabilityWasteDataModelAnchor (2.9.0.387)</package>
          <package>msdyn_SustainabilityWaterDataModelAnchor (2.9.0.387)</package>
        </Required>
        <Dependent type="80" schemaName="msdyn_sustainability" displayName="Contoso Automotive" />
      </MissingDependency>
      <MissingDependency>
        <Required type="1" schemaName="msdyn_preparationreport" displayName="Report" solution="msdyn_SustainabilityApplication (2.10.0.271)">
          <package>msdyn_SustainabilityAnchor (2.10.0.271)</package>
        </Required>
        <Dependent type="62" schemaName="msdyn_sustainability" />
      </MissingDependency>
      <MissingDependency>
        <Required type="1" schemaName="msdyn_preparationreport" displayName="Report" solution="msdyn_SustainabilityApplication (2.10.0.271)">
          <package>msdyn_SustainabilityAnchor (2.10.0.271)</package>
        </Required>
        <Dependent type="80" schemaName="msdyn_sustainability" displayName="Contoso Automotive" />
      </MissingDependency>
      <MissingDependency>
        <Required type="1" schemaName="msdyn_profileallocationjob" displayName="Profile allocation job" solution="msdyn_SustainabilityApplication (2.10.0.271)">
          <package>msdyn_SustainabilityAnchor (2.10.0.271)</package>
        </Required>
        <Dependent type="80" schemaName="msdyn_sustainability" displayName="Contoso Automotive" />
      </MissingDependency>
      <MissingDependency>
        <Required type="1" schemaName="msdyn_profilejob" displayName="Profile job" solution="msdyn_SustainabilityApplication (2.10.0.271)">
          <package>msdyn_SustainabilityAnchor (2.10.0.271)</package>
        </Required>
        <Dependent type="80" schemaName="msdyn_sustainability" displayName="Contoso Automotive" />
      </MissingDependency>
      <MissingDependency>
        <Required type="1" schemaName="msdyn_purchasedenergy" displayName="Purchased energy" solution="msdyn_SustainabilityCarbonDataModel (2.10.0.271)">
          <package>msdyn_SustainabilityAnchor (2.10.0.271)</package>
          <package>msdyn_SustainabilityDataModelAnchor (2.9.0.387)</package>
        </Required>
        <Dependent type="62" schemaName="msdyn_sustainability" />
      </MissingDependency>
      <MissingDependency>
        <Required type="1" schemaName="msdyn_purchasedenergy" displayName="Purchased energy" solution="msdyn_SustainabilityCarbonDataModel (2.10.0.271)">
          <package>msdyn_SustainabilityAnchor (2.10.0.271)</package>
          <package>msdyn_SustainabilityDataModelAnchor (2.9.0.387)</package>
        </Required>
        <Dependent type="80" schemaName="msdyn_sustainability" displayName="Contoso Automotive" />
      </MissingDependency>
      <MissingDependency>
        <Required type="1" schemaName="msdyn_purchasedgoodandservice" displayName="Purchased good and service" solution="msdyn_SustainabilityCarbonDataModel (2.10.0.271)">
          <package>msdyn_SustainabilityAnchor (2.10.0.271)</package>
          <package>msdyn_SustainabilityDataModelAnchor (2.9.0.387)</package>
        </Required>
        <Dependent type="80" schemaName="msdyn_sustainability" displayName="Contoso Automotive" />
      </MissingDependency>
      <MissingDependency>
        <Required type="1" schemaName="msdyn_referencedata" displayName="Reference data" solution="msdyn_SustainabilityApplication (2.10.0.271)">
          <package>msdyn_SustainabilityAnchor (2.10.0.271)</package>
        </Required>
        <Dependent type="80" schemaName="msdyn_sustainability" displayName="Contoso Automotive" />
      </MissingDependency>
      <MissingDependency>
        <Required type="1" schemaName="msdyn_scorecard" displayName="Scorecard" solution="msdyn_SustainabilityApplication (2.10.0.271)">
          <package>msdyn_SustainabilityAnchor (2.10.0.271)</package>
        </Required>
        <Dependent type="62" schemaName="msdyn_sustainability" />
      </MissingDependency>
      <MissingDependency>
        <Required type="1" schemaName="msdyn_scorecard" displayName="Scorecard" solution="msdyn_SustainabilityApplication (2.10.0.271)">
          <package>msdyn_SustainabilityAnchor (2.10.0.271)</package>
        </Required>
        <Dependent type="80" schemaName="msdyn_sustainability" displayName="Contoso Automotive" />
      </MissingDependency>
      <MissingDependency>
        <Required type="1" schemaName="msdyn_seentrialnotification" displayName="Trial Notification Status" solution="msdyn_SustainabilityApplication (2.10.0.271)">
          <package>msdyn_SustainabilityAnchor (2.10.0.271)</package>
        </Required>
        <Dependent type="80" schemaName="msdyn_sustainability" displayName="Contoso Automotive" />
      </MissingDependency>
      <MissingDependency>
        <Required type="1" schemaName="msdyn_spendtype" displayName="Spend type" solution="msdyn_SustainabilityCarbonDataModel (2.10.0.271)">
          <package>msdyn_SustainabilityAnchor (2.10.0.271)</package>
          <package>msdyn_SustainabilityDataModelAnchor (2.9.0.387)</package>
        </Required>
        <Dependent type="80" schemaName="msdyn_sustainability" displayName="Contoso Automotive" />
      </MissingDependency>
      <MissingDependency>
        <Required type="1" schemaName="msdyn_stationarycombustion" displayName="Stationary combustion" solution="msdyn_SustainabilityCarbonDataModel (2.10.0.271)">
          <package>msdyn_SustainabilityAnchor (2.10.0.271)</package>
          <package>msdyn_SustainabilityDataModelAnchor (2.9.0.387)</package>
        </Required>
        <Dependent type="80" schemaName="msdyn_sustainability" displayName="Contoso Automotive" />
      </MissingDependency>
      <MissingDependency>
        <Required type="1" schemaName="msdyn_subindustry" displayName="Subindustry" solution="msdyn_SustainabilitySharedDataModel (2.10.0.271)">
          <package>msdyn_SustainabilityAnchor (2.10.0.271)</package>
          <package>msdyn_SustainabilityDataModelAnchor (2.9.0.387)</package>
          <package>msdyn_SustainabilityWasteDataModelAnchor (2.9.0.387)</package>
          <package>msdyn_SustainabilityWaterDataModelAnchor (2.9.0.387)</package>
        </Required>
        <Dependent type="80" schemaName="msdyn_sustainability" displayName="Contoso Automotive" />
      </MissingDependency>
      <MissingDependency>
        <Required type="1" schemaName="msdyn_supplychainemissionfactor" displayName="Supply chain emission factor" solution="msdyn_SustainabilityApplication (2.10.0.271)">
          <package>msdyn_SustainabilityAnchor (2.10.0.271)</package>
        </Required>
        <Dependent type="80" schemaName="msdyn_sustainability" displayName="Contoso Automotive" />
      </MissingDependency>
      <MissingDependency>
        <Required type="1" schemaName="msdyn_sustainabilityorganizationalhierarchy" displayName="Organizational hierarchy" solution="msdyn_SustainabilitySharedDataModel (2.10.0.271)">
          <package>msdyn_SustainabilityAnchor (2.10.0.271)</package>
          <package>msdyn_SustainabilityDataModelAnchor (2.9.0.387)</package>
          <package>msdyn_SustainabilityWasteDataModelAnchor (2.9.0.387)</package>
          <package>msdyn_SustainabilityWaterDataModelAnchor (2.9.0.387)</package>
        </Required>
        <Dependent type="80" schemaName="msdyn_sustainability" displayName="Contoso Automotive" />
      </MissingDependency>
      <MissingDependency>
        <Required type="1" schemaName="msdyn_sustainabilityorganizationalunit" displayName="Organizational unit" solution="msdyn_SustainabilitySharedDataModel (2.10.0.271)">
          <package>msdyn_SustainabilityAnchor (2.10.0.271)</package>
          <package>msdyn_SustainabilityDataModelAnchor (2.9.0.387)</package>
          <package>msdyn_SustainabilityWasteDataModelAnchor (2.9.0.387)</package>
          <package>msdyn_SustainabilityWaterDataModelAnchor (2.9.0.387)</package>
        </Required>
        <Dependent type="80" schemaName="msdyn_sustainability" displayName="Contoso Automotive" />
      </MissingDependency>
      <MissingDependency>
        <Required type="1" schemaName="msdyn_sustainabilitysetting" displayName="General" solution="msdyn_SustainabilityApplication (2.10.0.271)">
          <package>msdyn_SustainabilityAnchor (2.10.0.271)</package>
        </Required>
        <Dependent type="80" schemaName="msdyn_sustainability" displayName="Contoso Automotive" />
      </MissingDependency>
      <MissingDependency>
        <Required type="1" schemaName="msdyn_sustainabilityusersetting" displayName="Sustainability User Setting" solution="msdyn_SustainabilityApplication (2.10.0.271)">
          <package>msdyn_SustainabilityAnchor (2.10.0.271)</package>
        </Required>
        <Dependent type="62" schemaName="msdyn_sustainability" />
      </MissingDependency>
      <MissingDependency>
        <Required type="1" schemaName="msdyn_sustainabilityusersetting" displayName="Sustainability User Setting" solution="msdyn_SustainabilityApplication (2.10.0.271)">
          <package>msdyn_SustainabilityAnchor (2.10.0.271)</package>
        </Required>
        <Dependent type="80" schemaName="msdyn_sustainability" displayName="Contoso Automotive" />
      </MissingDependency>
      <MissingDependency>
        <Required type="1" schemaName="msdyn_transportationanddistribution" displayName="Transportation and distribution" solution="msdyn_SustainabilityCarbonDataModel (2.10.0.271)">
          <package>msdyn_SustainabilityAnchor (2.10.0.271)</package>
          <package>msdyn_SustainabilityDataModelAnchor (2.9.0.387)</package>
        </Required>
        <Dependent type="80" schemaName="msdyn_sustainability" displayName="Contoso Automotive" />
      </MissingDependency>
      <MissingDependency>
        <Required type="1" schemaName="msdyn_transportmode" displayName="Transport mode" solution="msdyn_SustainabilityCarbonDataModel (2.10.0.271)">
          <package>msdyn_SustainabilityAnchor (2.10.0.271)</package>
          <package>msdyn_SustainabilityDataModelAnchor (2.9.0.387)</package>
        </Required>
        <Dependent type="80" schemaName="msdyn_sustainability" displayName="Contoso Automotive" />
      </MissingDependency>
      <MissingDependency>
        <Required type="1" schemaName="msdyn_unit" displayName="Unit" solution="msdyn_SustainabilitySharedDataModel (2.10.0.271)">
          <package>msdyn_SustainabilityAnchor (2.10.0.271)</package>
          <package>msdyn_SustainabilityDataModelAnchor (2.9.0.387)</package>
          <package>msdyn_SustainabilityWasteDataModelAnchor (2.9.0.387)</package>
          <package>msdyn_SustainabilityWaterDataModelAnchor (2.9.0.387)</package>
        </Required>
        <Dependent type="80" schemaName="msdyn_sustainability" displayName="Contoso Automotive" />
      </MissingDependency>
      <MissingDependency>
        <Required type="1" schemaName="msdyn_unitgroup" displayName="Unit group" solution="msdyn_SustainabilitySharedDataModel (2.10.0.271)">
          <package>msdyn_SustainabilityAnchor (2.10.0.271)</package>
          <package>msdyn_SustainabilityDataModelAnchor (2.9.0.387)</package>
          <package>msdyn_SustainabilityWasteDataModelAnchor (2.9.0.387)</package>
          <package>msdyn_SustainabilityWaterDataModelAnchor (2.9.0.387)</package>
        </Required>
        <Dependent type="62" schemaName="msdyn_sustainability" />
      </MissingDependency>
      <MissingDependency>
        <Required type="1" schemaName="msdyn_unitgroup" displayName="Unit group" solution="msdyn_SustainabilitySharedDataModel (2.10.0.271)">
          <package>msdyn_SustainabilityAnchor (2.10.0.271)</package>
          <package>msdyn_SustainabilityDataModelAnchor (2.9.0.387)</package>
          <package>msdyn_SustainabilityWasteDataModelAnchor (2.9.0.387)</package>
          <package>msdyn_SustainabilityWaterDataModelAnchor (2.9.0.387)</package>
        </Required>
        <Dependent type="80" schemaName="msdyn_sustainability" displayName="Contoso Automotive" />
      </MissingDependency>
      <MissingDependency>
        <Required type="1" schemaName="msdyn_valuechainpartner" displayName="Value Chain Partner" solution="msdyn_SustainabilitySharedDataModel (2.10.0.271)">
          <package>msdyn_SustainabilityAnchor (2.10.0.271)</package>
          <package>msdyn_SustainabilityDataModelAnchor (2.9.0.387)</package>
          <package>msdyn_SustainabilityWasteDataModelAnchor (2.9.0.387)</package>
          <package>msdyn_SustainabilityWaterDataModelAnchor (2.9.0.387)</package>
        </Required>
        <Dependent type="80" schemaName="msdyn_sustainability" displayName="Contoso Automotive" />
      </MissingDependency>
      <MissingDependency>
        <Required type="1" schemaName="msdyn_vehicletype" displayName="Vehicle type" solution="msdyn_SustainabilityCarbonDataModel (2.10.0.271)">
          <package>msdyn_SustainabilityAnchor (2.10.0.271)</package>
          <package>msdyn_SustainabilityDataModelAnchor (2.9.0.387)</package>
        </Required>
        <Dependent type="80" schemaName="msdyn_sustainability" displayName="Contoso Automotive" />
      </MissingDependency>
      <MissingDependency>
        <Required type="1" schemaName="msfsi_documentrequest" displayName="Document request" solution="DocumentIntelligenceDataModel (1.5.2.16)">
          <package>msdyn_SustainabilityAnchor (2.10.0.271)</package>
        </Required>
        <Dependent type="62" schemaName="msdyn_sustainability" />
      </MissingDependency>
      <MissingDependency>
        <Required type="1" schemaName="msfsi_documentrequest" displayName="Document request" solution="DocumentIntelligenceDataModel (1.5.2.16)">
          <package>msdyn_SustainabilityAnchor (2.10.0.271)</package>
        </Required>
        <Dependent type="80" schemaName="msdyn_sustainability" displayName="Contoso Automotive" />
      </MissingDependency>
      <MissingDependency>
        <Required type="1" schemaName="shbx_capemission" displayName="CAP Emission" solution="Active" />
        <Dependent type="62" schemaName="msdyn_sustainability" />
      </MissingDependency>
      <MissingDependency>
        <Required type="1" schemaName="shbx_capemission" displayName="CAP Emission" solution="Active" />
        <Dependent type="80" schemaName="msdyn_sustainability" displayName="Contoso Automotive" />
      </MissingDependency>
      <MissingDependency>
        <Required type="1" schemaName="shbx_lever" displayName="Lever" solution="Active" />
        <Dependent type="62" schemaName="msdyn_sustainability" />
      </MissingDependency>
      <MissingDependency>
        <Required type="1" schemaName="shbx_lever" displayName="Lever" solution="Active" />
        <Dependent type="80" schemaName="msdyn_sustainability" displayName="Contoso Automotive" />
      </MissingDependency>
      <MissingDependency>
        <Required type="1" schemaName="shbx_organizationalunittarget" displayName="Energy Unit Target" solution="Active" />
        <Dependent type="62" schemaName="msdyn_sustainability" />
      </MissingDependency>
      <MissingDependency>
        <Required type="1" schemaName="shbx_organizationalunittarget" displayName="Energy Unit Target" solution="Active" />
        <Dependent type="80" schemaName="msdyn_sustainability" displayName="Contoso Automotive" />
      </MissingDependency>
      <MissingDependency>
        <Required type="1" schemaName="shbx_worldregion" displayName="World Region" solution="Active" />
        <Dependent type="62" schemaName="msdyn_sustainability" />
      </MissingDependency>
      <MissingDependency>
        <Required type="1" schemaName="shbx_worldregion" displayName="World Region" solution="Active" />
        <Dependent type="80" schemaName="msdyn_sustainability" displayName="Contoso Automotive" />
      </MissingDependency>
      <MissingDependency>
        <Required type="20" displayName="Sustainability BusinessUnit - read only Role" solution="msdyn_SustainabilityApplication (2.10.0.271)" id="{09b0a84c-e7fe-ec11-82e6-0022482d500e}">
          <package>msdyn_SustainabilityAnchor (2.10.0.271)</package>
        </Required>
        <Dependent type="80" schemaName="msdyn_sustainability" displayName="Contoso Automotive" />
      </MissingDependency>
      <MissingDependency>
        <Required type="20" displayName="Sustainability BusinessUnit - ingest - full access Role" solution="msdyn_SustainabilityApplication (2.10.0.271)" id="{180b3494-0503-ed11-82e6-000d3a33db7e}">
          <package>msdyn_SustainabilityAnchor (2.10.0.271)</package>
        </Required>
        <Dependent type="80" schemaName="msdyn_sustainability" displayName="Contoso Automotive" />
      </MissingDependency>
      <MissingDependency>
        <Required type="20" displayName="Sustainability all - reports - full access Role" solution="msdyn_SustainabilityApplication (2.10.0.271)" id="{50588e78-0403-ed11-82e6-000d3a33db7e}">
          <package>msdyn_SustainabilityAnchor (2.10.0.271)</package>
        </Required>
        <Dependent type="80" schemaName="msdyn_sustainability" displayName="Contoso Automotive" />
      </MissingDependency>
      <MissingDependency>
        <Required type="20" displayName="Sustainability all - ingest - full access Role" solution="msdyn_SustainabilityApplication (2.10.0.271)" id="{72322043-f211-ed11-b83e-00224832b6bb}">
          <package>msdyn_SustainabilityAnchor (2.10.0.271)</package>
        </Required>
        <Dependent type="80" schemaName="msdyn_sustainability" displayName="Contoso Automotive" />
      </MissingDependency>
      <MissingDependency>
        <Required type="20" displayName="Sustainability BusinessUnit - reports - full access Role" solution="msdyn_SustainabilityApplication (2.10.0.271)" id="{92b0f262-6401-ed11-82e5-000d3a33db7e}">
          <package>msdyn_SustainabilityAnchor (2.10.0.271)</package>
        </Required>
        <Dependent type="80" schemaName="msdyn_sustainability" displayName="Contoso Automotive" />
      </MissingDependency>
      <MissingDependency>
        <Required type="20" displayName="Sustainability all - full access" solution="msdyn_SustainabilityApplication (2.10.0.271)" id="{96aa4895-5ac2-ec11-a7b6-00224830446f}">
          <package>msdyn_SustainabilityAnchor (2.10.0.271)</package>
        </Required>
        <Dependent type="80" schemaName="msdyn_sustainability" displayName="Contoso Automotive" />
      </MissingDependency>
      <MissingDependency>
        <Required type="20" displayName="Sustainability all - read only" solution="msdyn_SustainabilityApplication (2.10.0.271)" id="{ba43d85e-58c2-ec11-a7b6-00224830446f}">
          <package>msdyn_SustainabilityAnchor (2.10.0.271)</package>
        </Required>
        <Dependent type="80" schemaName="msdyn_sustainability" displayName="Contoso Automotive" />
      </MissingDependency>
      <MissingDependency>
        <Required type="20" displayName="Sustainability BusinessUnit - full access Role" solution="msdyn_SustainabilityApplication (2.10.0.271)" id="{ee0bc8b2-4bfe-ec11-82e5-0022482d500e}">
          <package>msdyn_SustainabilityAnchor (2.10.0.271)</package>
        </Required>
        <Dependent type="80" schemaName="msdyn_sustainability" displayName="Contoso Automotive" />
      </MissingDependency>
      <MissingDependency>
        <Required type="60" displayName="Create and Edit Scorecard" parentDisplayName="Scorecard" solution="msdyn_SustainabilityApplication (2.10.0.271)" id="{019251ae-3f8a-4fad-b336-cdfec0033fda}">
          <package>msdyn_SustainabilityAnchor (2.10.0.271)</package>
        </Required>
        <Dependent type="80" schemaName="msdyn_sustainability" displayName="Contoso Automotive" />
      </MissingDependency>
      <MissingDependency>
        <Required type="60" displayName="Information" parentDisplayName="Goal" solution="msdyn_SustainabilityApplication (2.10.0.271)" id="{548ffbd9-d657-4a95-b433-588d6fff9a86}">
          <package>msdyn_SustainabilityAnchor (2.10.0.271)</package>
        </Required>
        <Dependent type="80" schemaName="msdyn_sustainability" displayName="Contoso Automotive" />
      </MissingDependency>
      <MissingDependency>
        <Required type="60" displayName="Information" parentDisplayName="Goal" solution="msdyn_SustainabilityApplication (2.10.0.271)" id="{7217bbd2-4484-4894-a080-4f5d1edbc023}">
          <package>msdyn_SustainabilityAnchor (2.10.0.271)</package>
        </Required>
        <Dependent type="80" schemaName="msdyn_sustainability" displayName="Contoso Automotive" />
      </MissingDependency>
      <MissingDependency>
        <Required type="60" displayName="Information" parentDisplayName="Scorecard" solution="msdyn_SustainabilityApplication (2.10.0.271)" id="{f36a3ab3-b8f0-4b61-ba0e-c2b1b0130f57}">
          <package>msdyn_SustainabilityAnchor (2.10.0.271)</package>
        </Required>
        <Dependent type="80" schemaName="msdyn_sustainability" displayName="Contoso Automotive" />
      </MissingDependency>
      <MissingDependency>
        <Required type="60" displayName="CAP Report" solution="Active" id="{fe621f74-acde-ed11-a7c6-000d3aa9a4a4}" />
        <Dependent type="80" schemaName="msdyn_sustainability" displayName="Contoso Automotive" />
      </MissingDependency>
      <MissingDependency>
        <Required type="61" schemaName="msdyn_/imgs/allocationicon.svg" displayName="msdyn_/imgs/allocationicon.svg" solution="msdyn_SustainabilityApplication (2.10.0.271)">
          <package>msdyn_SustainabilityAnchor (2.10.0.271)</package>
        </Required>
        <Dependent type="62" schemaName="msdyn_sustainability" />
      </MissingDependency>
      <MissingDependency>
        <Required type="61" schemaName="msdyn_/imgs/analyticsview.svg" displayName="msdyn_/imgs/analyticsview.svg" solution="msdyn_SustainabilityApplication (2.10.0.271)">
          <package>msdyn_SustainabilityAnchor (2.10.0.271)</package>
        </Required>
        <Dependent type="62" schemaName="msdyn_sustainability" />
      </MissingDependency>
      <MissingDependency>
        <Required type="61" schemaName="msdyn_/imgs/apphelp.svg" displayName="msdyn_/imgs/apphelp.svg" solution="msdyn_SustainabilityApplication (2.10.0.271)">
          <package>msdyn_SustainabilityAnchor (2.10.0.271)</package>
        </Required>
        <Dependent type="62" schemaName="msdyn_sustainability" />
      </MissingDependency>
      <MissingDependency>
        <Required type="61" schemaName="msdyn_/imgs/confirmlocation.svg" displayName="msdyn_/imgs/confirmlocation.svg" solution="msdyn_SustainabilityApplication (2.10.0.271)">
          <package>msdyn_SustainabilityAnchor (2.10.0.271)</package>
        </Required>
        <Dependent type="62" schemaName="msdyn_sustainability" />
      </MissingDependency>
      <MissingDependency>
        <Required type="61" schemaName="msdyn_/imgs/connectorproviders.svg" displayName="msdyn_/imgs/connectorproviders.svg" solution="msdyn_SustainabilityApplication (2.10.0.271)">
          <package>msdyn_SustainabilityAnchor (2.10.0.271)</package>
        </Required>
        <Dependent type="62" schemaName="msdyn_sustainability" />
      </MissingDependency>
      <MissingDependency>
        <Required type="61" schemaName="msdyn_/imgs/dashboard.svg" displayName="msdyn_/imgs/dashboard.svg" solution="msdyn_SustainabilityApplication (2.10.0.271)">
          <package>msdyn_SustainabilityAnchor (2.10.0.271)</package>
        </Required>
        <Dependent type="62" schemaName="msdyn_sustainability" />
      </MissingDependency>
      <MissingDependency>
        <Required type="61" schemaName="msdyn_/imgs/databasesource.svg" displayName="msdyn_/imgs/databasesource.svg" solution="msdyn_SustainabilityApplication (2.10.0.271)">
          <package>msdyn_SustainabilityAnchor (2.10.0.271)</package>
        </Required>
        <Dependent type="62" schemaName="msdyn_sustainability" />
      </MissingDependency>
      <MissingDependency>
        <Required type="61" schemaName="msdyn_/imgs/datamanagementmirrored.svg" displayName="msdyn_/imgs/datamanagementmirrored.svg" solution="msdyn_SustainabilityApplication (2.10.0.271)">
          <package>msdyn_SustainabilityAnchor (2.10.0.271)</package>
        </Required>
        <Dependent type="62" schemaName="msdyn_sustainability" />
      </MissingDependency>
      <MissingDependency>
        <Required type="61" schemaName="msdyn_/imgs/emissions.svg" displayName="msdyn_/imgs/emissions.svg" solution="msdyn_SustainabilityApplication (2.10.0.271)">
          <package>msdyn_SustainabilityAnchor (2.10.0.271)</package>
        </Required>
        <Dependent type="62" schemaName="msdyn_sustainability" />
      </MissingDependency>
      <MissingDependency>
        <Required type="61" schemaName="msdyn_/imgs/gear.svg" displayName="msdyn_/imgs/gear.svg" solution="msdyn_SustainabilityApplication (2.10.0.271)">
          <package>msdyn_SustainabilityAnchor (2.10.0.271)</package>
        </Required>
        <Dependent type="62" schemaName="msdyn_sustainability" />
      </MissingDependency>
      <MissingDependency>
        <Required type="61" schemaName="msdyn_/imgs/home_icon.svg" displayName="msdyn_/imgs/home_icon.svg" solution="msdyn_SustainabilityApplication (2.10.0.271)">
          <package>msdyn_SustainabilityAnchor (2.10.0.271)</package>
        </Required>
        <Dependent type="62" schemaName="msdyn_sustainability" />
      </MissingDependency>
      <MissingDependency>
        <Required type="61" schemaName="msdyn_/imgs/invoice.svg" displayName="msdyn_/imgs/invoice.svg" solution="msdyn_SustainabilityDataCapture (2.10.0.271)">
          <package>msdyn_SustainabilityAnchor (2.10.0.271)</package>
        </Required>
        <Dependent type="62" schemaName="msdyn_sustainability" />
      </MissingDependency>
      <MissingDependency>
        <Required type="61" schemaName="msdyn_/imgs/legal.svg" displayName="msdyn_/imgs/legal.svg" solution="msdyn_SustainabilityApplication (2.10.0.271)">
          <package>msdyn_SustainabilityAnchor (2.10.0.271)</package>
        </Required>
        <Dependent type="62" schemaName="msdyn_sustainability" />
      </MissingDependency>
      <MissingDependency>
        <Required type="61" schemaName="msdyn_/imgs/libraries.svg" displayName="msdyn_/imgs/libraries.svg" solution="msdyn_SustainabilityApplication (2.10.0.271)">
          <package>msdyn_SustainabilityAnchor (2.10.0.271)</package>
        </Required>
        <Dependent type="62" schemaName="msdyn_sustainability" />
      </MissingDependency>
      <MissingDependency>
        <Required type="61" schemaName="msdyn_/imgs/list.svg" displayName="msdyn_/imgs/list.svg" solution="msdyn_SustainabilityApplication (2.10.0.271)">
          <package>msdyn_SustainabilityAnchor (2.10.0.271)</package>
        </Required>
        <Dependent type="62" schemaName="msdyn_sustainability" />
      </MissingDependency>
      <MissingDependency>
        <Required type="61" schemaName="msdyn_/imgs/msdyn_calculationlibrary.svg" displayName="msdyn_/imgs/msdyn_calculationlibrary.svg" solution="msdyn_SustainabilityApplication (2.10.0.271)">
          <package>msdyn_SustainabilityAnchor (2.10.0.271)</package>
        </Required>
        <Dependent type="62" schemaName="msdyn_sustainability" />
      </MissingDependency>
      <MissingDependency>
        <Required type="61" schemaName="msdyn_/imgs/org.svg" displayName="msdyn_/imgs/org.svg" solution="msdyn_SustainabilityApplication (2.10.0.271)">
          <package>msdyn_SustainabilityAnchor (2.10.0.271)</package>
        </Required>
        <Dependent type="62" schemaName="msdyn_sustainability" />
      </MissingDependency>
      <MissingDependency>
        <Required type="61" schemaName="msdyn_/imgs/reference.svg" displayName="msdyn_/imgs/reference.svg" solution="msdyn_SustainabilityApplication (2.10.0.271)">
          <package>msdyn_SustainabilityAnchor (2.10.0.271)</package>
        </Required>
        <Dependent type="62" schemaName="msdyn_sustainability" />
      </MissingDependency>
      <MissingDependency>
        <Required type="61" schemaName="msdyn_/imgs/reportdocument.svg" displayName="msdyn_/imgs/reportdocument.svg" solution="msdyn_SustainabilityApplication (2.10.0.271)">
          <package>msdyn_SustainabilityAnchor (2.10.0.271)</package>
        </Required>
        <Dependent type="62" schemaName="msdyn_sustainability" />
      </MissingDependency>
      <MissingDependency>
        <Required type="61" schemaName="msdyn_/imgs/rowschild.svg" displayName="msdyn_/imgs/rowschild.svg" solution="msdyn_SustainabilityApplication (2.10.0.271)">
          <package>msdyn_SustainabilityAnchor (2.10.0.271)</package>
        </Required>
        <Dependent type="62" schemaName="msdyn_sustainability" />
      </MissingDependency>
      <MissingDependency>
        <Required type="61" schemaName="msdyn_/imgs/scorecard.svg" displayName="msdyn_/imgs/scorecard.svg" solution="msdyn_SustainabilityApplication (2.10.0.271)">
          <package>msdyn_SustainabilityAnchor (2.10.0.271)</package>
        </Required>
        <Dependent type="62" schemaName="msdyn_sustainability" />
      </MissingDependency>
      <MissingDependency>
        <Required type="61" schemaName="msdyn_/imgs/submitfeedback.svg" displayName="msdyn_/imgs/submitfeedback.svg" solution="msdyn_SustainabilityApplication (2.10.0.271)">
          <package>msdyn_SustainabilityAnchor (2.10.0.271)</package>
        </Required>
        <Dependent type="62" schemaName="msdyn_sustainability" />
      </MissingDependency>
      <MissingDependency>
        <Required type="61" schemaName="msdyn_/imgs/teams.svg" displayName="msdyn_/imgs/teams.svg" solution="msdyn_SustainabilityApplication (2.10.0.271)">
          <package>msdyn_SustainabilityAnchor (2.10.0.271)</package>
        </Required>
        <Dependent type="62" schemaName="msdyn_sustainability" />
      </MissingDependency>
      <MissingDependency>
        <Required type="61" schemaName="msdyn_/imgs/unit.svg" displayName="msdyn_/imgs/unit.svg" solution="msdyn_SustainabilityApplication (2.10.0.271)">
          <package>msdyn_SustainabilityAnchor (2.10.0.271)</package>
        </Required>
        <Dependent type="62" schemaName="msdyn_sustainability" />
      </MissingDependency>
      <MissingDependency>
        <Required type="61" schemaName="msdyn_/imgs/water_data.svg" displayName="msdyn_/imgs/water_data.svg" solution="msdyn_SustainabilityApplication (2.10.0.271)">
          <package>msdyn_SustainabilityAnchor (2.10.0.271)</package>
        </Required>
        <Dependent type="62" schemaName="msdyn_sustainability" />
      </MissingDependency>
      <MissingDependency>
        <Required type="61" schemaName="msdyn_/imgs/water_insights.svg" displayName="msdyn_/imgs/water_insights.svg" solution="msdyn_SustainabilityApplication (2.10.0.271)">
          <package>msdyn_SustainabilityAnchor (2.10.0.271)</package>
        </Required>
        <Dependent type="62" schemaName="msdyn_sustainability" />
      </MissingDependency>
      <MissingDependency>
        <Required type="62" schemaName="msdyn_sustainability" solution="msdyn_SustainabilityApplication (2.10.0.271)">
          <package>msdyn_SustainabilityAnchor (2.10.0.271)</package>
        </Required>
        <Dependent type="62" schemaName="msdyn_sustainability" />
      </MissingDependency>
      <MissingDependency>
        <Required type="80" schemaName="msdyn_sustainability" displayName="Contoso Automotive" solution="msdyn_SustainabilityApplication (2.10.0.271)">
          <package>msdyn_SustainabilityAnchor (2.10.0.271)</package>
        </Required>
        <Dependent type="80" schemaName="msdyn_sustainability" displayName="Contoso Automotive" />
      </MissingDependency>
      <MissingDependency>
        <Required type="SettingDefinition" displayName="FluentThemingPreview" solution="msdyn_PowerAppsThemingSettings (1.0.0.6)" id.uniquename="FluentThemingPreview" />
        <Dependent type="AppSetting" displayName="parentappmoduleid.uniquename=msdyn_sustainability,settingdefinitionid.uniquename=FluentThemingPreview" id.parentappmoduleid.uniquename="msdyn_sustainability" id.settingdefinitionid.uniquename="FluentThemingPreview" />
      </MissingDependency>
    </MissingDependencies>
  </SolutionManifest>
</ImportExportXml>