<ImportExportXml version="9.2.23055.200" SolutionPackageVersion="9.2" languagecode="1033" generatedBy="CrmLive" xmlns:xsi="http://www.w3.org/2001/XMLSchema-instance">
  <SolutionManifest>
    <UniqueName>SHBXEnergyDataModel</UniqueName>
    <LocalizedNames>
      <LocalizedName description="SHBX Energy Data Model" languagecode="1033" />
    </LocalizedNames>
    <Descriptions />
    <Version>1.0.0.2</Version>
    <Managed>0</Managed>
    <Publisher>
      <UniqueName>SustainabilityHackbox</UniqueName>
      <LocalizedNames>
        <LocalizedName description="Sustainability Hackbox" languagecode="1033" />
      </LocalizedNames>
      <Descriptions />
      <EMailAddress xsi:nil="true"></EMailAddress>
      <SupportingWebsiteUrl xsi:nil="true"></SupportingWebsiteUrl>
      <CustomizationPrefix>shbx</CustomizationPrefix>
      <CustomizationOptionValuePrefix>33979</CustomizationOptionValuePrefix>
      <Addresses>
        <Address>
          <AddressNumber>1</AddressNumber>
          <AddressTypeCode>1</AddressTypeCode>
          <City xsi:nil="true"></City>
          <County xsi:nil="true"></County>
          <Country xsi:nil="true"></Country>
          <Fax xsi:nil="true"></Fax>
          <FreightTermsCode xsi:nil="true"></FreightTermsCode>
          <ImportSequenceNumber xsi:nil="true"></ImportSequenceNumber>
          <Latitude xsi:nil="true"></Latitude>
          <Line1 xsi:nil="true"></Line1>
          <Line2 xsi:nil="true"></Line2>
          <Line3 xsi:nil="true"></Line3>
          <Longitude xsi:nil="true"></Longitude>
          <Name xsi:nil="true"></Name>
          <PostalCode xsi:nil="true"></PostalCode>
          <PostOfficeBox xsi:nil="true"></PostOfficeBox>
          <PrimaryContactName xsi:nil="true"></PrimaryContactName>
          <ShippingMethodCode>1</ShippingMethodCode>
          <StateOrProvince xsi:nil="true"></StateOrProvince>
          <Telephone1 xsi:nil="true"></Telephone1>
          <Telephone2 xsi:nil="true"></Telephone2>
          <Telephone3 xsi:nil="true"></Telephone3>
          <TimeZoneRuleVersionNumber xsi:nil="true"></TimeZoneRuleVersionNumber>
          <UPSZone xsi:nil="true"></UPSZone>
          <UTCOffset xsi:nil="true"></UTCOffset>
          <UTCConversionTimeZoneCode xsi:nil="true"></UTCConversionTimeZoneCode>
        </Address>
        <Address>
          <AddressNumber>2</AddressNumber>
          <AddressTypeCode>1</AddressTypeCode>
          <City xsi:nil="true"></City>
          <County xsi:nil="true"></County>
          <Country xsi:nil="true"></Country>
          <Fax xsi:nil="true"></Fax>
          <FreightTermsCode xsi:nil="true"></FreightTermsCode>
          <ImportSequenceNumber xsi:nil="true"></ImportSequenceNumber>
          <Latitude xsi:nil="true"></Latitude>
          <Line1 xsi:nil="true"></Line1>
          <Line2 xsi:nil="true"></Line2>
          <Line3 xsi:nil="true"></Line3>
          <Longitude xsi:nil="true"></Longitude>
          <Name xsi:nil="true"></Name>
          <PostalCode xsi:nil="true"></PostalCode>
          <PostOfficeBox xsi:nil="true"></PostOfficeBox>
          <PrimaryContactName xsi:nil="true"></PrimaryContactName>
          <ShippingMethodCode>1</ShippingMethodCode>
          <StateOrProvince xsi:nil="true"></StateOrProvince>
          <Telephone1 xsi:nil="true"></Telephone1>
          <Telephone2 xsi:nil="true"></Telephone2>
          <Telephone3 xsi:nil="true"></Telephone3>
          <TimeZoneRuleVersionNumber xsi:nil="true"></TimeZoneRuleVersionNumber>
          <UPSZone xsi:nil="true"></UPSZone>
          <UTCOffset xsi:nil="true"></UTCOffset>
          <UTCConversionTimeZoneCode xsi:nil="true"></UTCConversionTimeZoneCode>
        </Address>
      </Addresses>
    </Publisher>
    <RootComponents>
      <RootComponent type="1" schemaName="msdyn_purchasedenergy" behavior="0" />
      <RootComponent type="1" schemaName="msdyn_sustainabilityorganizationalunit" behavior="1" />
      <RootComponent type="1" schemaName="msdyn_unit" behavior="1" />
      <RootComponent type="1" schemaName="shbx_organizationalunittarget" behavior="0" />
      <RootComponent type="1" schemaName="shbx_orgunitbusinessdevision" behavior="0" />
      <RootComponent type="1" schemaName="shbx_orgunitdivision" behavior="0" />
      <RootComponent type="1" schemaName="shbx_worldregion" behavior="0" />
    </RootComponents>
    <MissingDependencies>
      <MissingDependency>
        <Required type="1" schemaName="msdyn_approvaltransaction" displayName="Approval transaction" solution="msdyn_SustainabilityApplication (2.10.0.271)">
          <package>msdyn_SustainabilityAnchor (2.10.0.271)</package>
        </Required>
        <Dependent type="1" schemaName="msdyn_purchasedenergy" displayName="Purchased energy" />
      </MissingDependency>
      <MissingDependency>
        <Required type="1" schemaName="msdyn_contractualinstrumenttype" displayName="Contractual instrument type" solution="msdyn_SustainabilityCarbonDataModel (2.10.0.271)">
          <package>msdyn_SustainabilityAnchor (2.10.0.271)</package>
          <package>msdyn_SustainabilityDataModelAnchor (2.9.0.387)</package>
        </Required>
        <Dependent type="10" schemaName="msdyn_contractualinstrumenttype_purchasedenergy" displayName="msdyn_contractualinstrumenttype_purchasedenergy" parentSchemaName="msdyn_contractualinstrumenttype" parentDisplayName="Contractual instrument type" />
      </MissingDependency>
      <MissingDependency>
        <Required type="1" schemaName="msdyn_dataconnection" displayName="Connection" solution="msdyn_SustainabilityApplication (2.10.0.271)">
          <package>msdyn_SustainabilityAnchor (2.10.0.271)</package>
        </Required>
        <Dependent type="10" schemaName="msdyn_dataconnection_purchasedenergy" displayName="msdyn_dataconnection_purchasedenergy" parentSchemaName="msdyn_dataconnection" parentDisplayName="Connection" />
      </MissingDependency>
      <MissingDependency>
        <Required type="1" schemaName="msdyn_dataconnectionrefresh" displayName="Connection refresh" solution="msdyn_SustainabilityApplication (2.10.0.271)">
          <package>msdyn_SustainabilityAnchor (2.10.0.271)</package>
        </Required>
        <Dependent type="10" schemaName="msdyn_purchasedenergy_ConnectionRefresh" displayName="msdyn_purchasedenergy_ConnectionRefresh" parentSchemaName="msdyn_dataconnectionrefresh" parentDisplayName="Connection refresh" />
      </MissingDependency>
      <MissingDependency>
        <Required type="1" schemaName="msdyn_facility" displayName="Facility" solution="msdyn_SustainabilitySharedDataModel (2.10.0.271)">
          <package>msdyn_SustainabilityAnchor (2.10.0.271)</package>
          <package>msdyn_SustainabilityDataModelAnchor (2.9.0.387)</package>
          <package>msdyn_SustainabilityWasteDataModelAnchor (2.9.0.387)</package>
          <package>msdyn_SustainabilityWaterDataModelAnchor (2.9.0.387)</package>
        </Required>
        <Dependent type="10" schemaName="msdyn_facility_purchasedenergy" displayName="msdyn_facility_purchasedenergy" parentSchemaName="msdyn_facility" parentDisplayName="Facility" />
      </MissingDependency>
      <MissingDependency>
        <Required type="1" schemaName="msdyn_facilityannualdetail" displayName="Facility usage detail" solution="msdyn_SustainabilitySharedDataModel (2.10.0.271)">
          <package>msdyn_SustainabilityAnchor (2.10.0.271)</package>
          <package>msdyn_SustainabilityDataModelAnchor (2.9.0.387)</package>
          <package>msdyn_SustainabilityWasteDataModelAnchor (2.9.0.387)</package>
          <package>msdyn_SustainabilityWaterDataModelAnchor (2.9.0.387)</package>
        </Required>
        <Dependent type="10" schemaName="msdyn_msdyn_purchasedenergy_facilityusagedetail" displayName="msdyn_msdyn_purchasedenergy_facilityusagedetail" parentSchemaName="msdyn_facilityannualdetail" parentDisplayName="Facility usage detail" />
      </MissingDependency>
      <MissingDependency>
        <Required type="1" schemaName="msdyn_purchasedenergy" displayName="Purchased energy" solution="msdyn_SustainabilityCarbonDataModel (2.10.0.271)">
          <package>msdyn_SustainabilityAnchor (2.10.0.271)</package>
          <package>msdyn_SustainabilityDataModelAnchor (2.9.0.387)</package>
        </Required>
        <Dependent type="1" schemaName="msdyn_purchasedenergy" displayName="Purchased energy" />
      </MissingDependency>
      <MissingDependency>
        <Required type="1" schemaName="msdyn_spendtype" displayName="Spend type" solution="msdyn_SustainabilityCarbonDataModel (2.10.0.271)">
          <package>msdyn_SustainabilityAnchor (2.10.0.271)</package>
          <package>msdyn_SustainabilityDataModelAnchor (2.9.0.387)</package>
        </Required>
        <Dependent type="10" schemaName="msdyn_msdyn_spendtype_msdyn_purchasedenergy" displayName="msdyn_msdyn_spendtype_msdyn_purchasedenergy" parentSchemaName="msdyn_spendtype" parentDisplayName="Spend type" />
      </MissingDependency>
      <MissingDependency>
        <Required type="1" schemaName="msdyn_sustainabilitydatadefinition" displayName="Sustainability data definition" solution="msdyn_SustainabilitySharedDataModel (2.10.0.271)">
          <package>msdyn_SustainabilityAnchor (2.10.0.271)</package>
          <package>msdyn_SustainabilityDataModelAnchor (2.9.0.387)</package>
          <package>msdyn_SustainabilityWasteDataModelAnchor (2.9.0.387)</package>
          <package>msdyn_SustainabilityWaterDataModelAnchor (2.9.0.387)</package>
        </Required>
        <Dependent type="10" schemaName="msdyn_msdyn_purchasedenergy_datadefinition" displayName="msdyn_msdyn_purchasedenergy_datadefinition" parentSchemaName="msdyn_sustainabilitydatadefinition" parentDisplayName="Sustainability data definition" />
      </MissingDependency>
      <MissingDependency>
        <Required type="1" schemaName="msdyn_sustainabilityorganizationalunit" displayName="Organizational unit" solution="msdyn_SustainabilitySharedDataModel (2.10.0.271)">
          <package>msdyn_SustainabilityAnchor (2.10.0.271)</package>
          <package>msdyn_SustainabilityDataModelAnchor (2.9.0.387)</package>
          <package>msdyn_SustainabilityWasteDataModelAnchor (2.9.0.387)</package>
          <package>msdyn_SustainabilityWaterDataModelAnchor (2.9.0.387)</package>
        </Required>
        <Dependent type="1" schemaName="msdyn_sustainabilityorganizationalunit" displayName="Organizational unit" />
      </MissingDependency>
      <MissingDependency>
        <Required type="1" schemaName="msdyn_sustainabilityorganizationalunit" displayName="Organizational unit" solution="msdyn_SustainabilitySharedDataModel (2.10.0.271)">
          <package>msdyn_SustainabilityAnchor (2.10.0.271)</package>
          <package>msdyn_SustainabilityDataModelAnchor (2.9.0.387)</package>
          <package>msdyn_SustainabilityWasteDataModelAnchor (2.9.0.387)</package>
          <package>msdyn_SustainabilityWaterDataModelAnchor (2.9.0.387)</package>
        </Required>
        <Dependent type="10" schemaName="msdyn_organizationalunit_purchasedenergy" displayName="msdyn_organizationalunit_purchasedenergy" parentSchemaName="msdyn_sustainabilityorganizationalunit" parentDisplayName="Organizational unit" />
      </MissingDependency>
      <MissingDependency>
        <Required type="1" schemaName="msdyn_sustainabilityorganizationalunit" displayName="Organizational unit" solution="msdyn_SustainabilitySharedDataModel (2.10.0.271)">
          <package>msdyn_SustainabilityAnchor (2.10.0.271)</package>
          <package>msdyn_SustainabilityDataModelAnchor (2.9.0.387)</package>
          <package>msdyn_SustainabilityWasteDataModelAnchor (2.9.0.387)</package>
          <package>msdyn_SustainabilityWaterDataModelAnchor (2.9.0.387)</package>
        </Required>
        <Dependent type="10" schemaName="shbx_shbx_organizationalunittarget_Organizatio" displayName="shbx_shbx_organizationalunittarget_Organizatio" parentSchemaName="msdyn_sustainabilityorganizationalunit" parentDisplayName="Organizational unit" />
      </MissingDependency>
      <MissingDependency>
        <Required type="1" schemaName="msdyn_sustainabilityproductfootprint" displayName="(Preview) Sustainability product footprint" solution="msdyn_SustainabilityCarbonDataModel (2.10.0.271)">
          <package>msdyn_SustainabilityAnchor (2.10.0.271)</package>
          <package>msdyn_SustainabilityDataModelAnchor (2.9.0.387)</package>
        </Required>
        <Dependent type="10" schemaName="msdyn_msdyn_sustainabilityproductfootprint_msdyn_purchasedenergy_productfootprint" displayName="msdyn_msdyn_sustainabilityproductfootprint_msdyn_purchasedenergy_productfootprint" parentSchemaName="msdyn_sustainabilityproductfootprint" parentDisplayName="(Preview) Sustainability product footprint" />
      </MissingDependency>
      <MissingDependency>
        <Required type="1" schemaName="msdyn_unit" displayName="Unit" solution="msdyn_SustainabilitySharedDataModel (2.10.0.271)">
          <package>msdyn_SustainabilityAnchor (2.10.0.271)</package>
          <package>msdyn_SustainabilityDataModelAnchor (2.9.0.387)</package>
          <package>msdyn_SustainabilityWasteDataModelAnchor (2.9.0.387)</package>
          <package>msdyn_SustainabilityWaterDataModelAnchor (2.9.0.387)</package>
        </Required>
        <Dependent type="1" schemaName="msdyn_unit" displayName="Unit" />
      </MissingDependency>
      <MissingDependency>
        <Required type="1" schemaName="msdyn_unit" displayName="Unit" solution="msdyn_SustainabilitySharedDataModel (2.10.0.271)">
          <package>msdyn_SustainabilityAnchor (2.10.0.271)</package>
          <package>msdyn_SustainabilityDataModelAnchor (2.9.0.387)</package>
          <package>msdyn_SustainabilityWasteDataModelAnchor (2.9.0.387)</package>
          <package>msdyn_SustainabilityWaterDataModelAnchor (2.9.0.387)</package>
        </Required>
        <Dependent type="10" schemaName="msdyn_unit_msdyn_purchasedenergy_goodsunit" displayName="msdyn_unit_msdyn_purchasedenergy_goodsunit" parentSchemaName="msdyn_unit" parentDisplayName="Unit" />
      </MissingDependency>
      <MissingDependency>
        <Required type="1" schemaName="msdyn_valuechainpartner" displayName="Value Chain Partner" solution="msdyn_SustainabilitySharedDataModel (2.10.0.271)">
          <package>msdyn_SustainabilityAnchor (2.10.0.271)</package>
          <package>msdyn_SustainabilityDataModelAnchor (2.9.0.387)</package>
          <package>msdyn_SustainabilityWasteDataModelAnchor (2.9.0.387)</package>
          <package>msdyn_SustainabilityWaterDataModelAnchor (2.9.0.387)</package>
        </Required>
        <Dependent type="10" schemaName="msdyn_valuechainpartner_msdyn_purchasedenergy" displayName="msdyn_valuechainpartner_msdyn_purchasedenergy" parentSchemaName="msdyn_valuechainpartner" parentDisplayName="Value Chain Partner" />
      </MissingDependency>
      <MissingDependency>
        <Required type="1" schemaName="shbx_capemission" displayName="CAP Emission" solution="Active" />
        <Dependent type="1" schemaName="shbx_worldregion" displayName="World Region" />
      </MissingDependency>
      <MissingDependency>
        <Required type="10" schemaName="msdyn_contractualinstrumenttype_purchasedenergy" displayName="msdyn_contractualinstrumenttype_purchasedenergy" parentSchemaName="msdyn_contractualinstrumenttype" parentDisplayName="Contractual instrument type" solution="msdyn_SustainabilityCarbonDataModel (2.10.0.271)">
          <package>msdyn_SustainabilityAnchor (2.10.0.271)</package>
          <package>msdyn_SustainabilityDataModelAnchor (2.9.0.387)</package>
        </Required>
        <Dependent type="10" schemaName="msdyn_contractualinstrumenttype_purchasedenergy" displayName="msdyn_contractualinstrumenttype_purchasedenergy" parentSchemaName="msdyn_contractualinstrumenttype" parentDisplayName="Contractual instrument type" />
      </MissingDependency>
      <MissingDependency>
        <Required type="10" schemaName="msdyn_dataconnection_purchasedenergy" displayName="msdyn_dataconnection_purchasedenergy" parentSchemaName="msdyn_dataconnection" parentDisplayName="Connection" solution="msdyn_SustainabilityApplication (2.10.0.271)">
          <package>msdyn_SustainabilityAnchor (2.10.0.271)</package>
        </Required>
        <Dependent type="10" schemaName="msdyn_dataconnection_purchasedenergy" displayName="msdyn_dataconnection_purchasedenergy" parentSchemaName="msdyn_dataconnection" parentDisplayName="Connection" />
      </MissingDependency>
      <MissingDependency>
        <Required type="10" schemaName="msdyn_purchasedenergy_ConnectionRefresh" displayName="msdyn_purchasedenergy_ConnectionRefresh" parentSchemaName="msdyn_dataconnectionrefresh" parentDisplayName="Connection refresh" solution="msdyn_SustainabilityApplication (2.10.0.271)">
          <package>msdyn_SustainabilityAnchor (2.10.0.271)</package>
        </Required>
        <Dependent type="10" schemaName="msdyn_purchasedenergy_ConnectionRefresh" displayName="msdyn_purchasedenergy_ConnectionRefresh" parentSchemaName="msdyn_dataconnectionrefresh" parentDisplayName="Connection refresh" />
      </MissingDependency>
      <MissingDependency>
        <Required type="10" schemaName="msdyn_facility_purchasedenergy" displayName="msdyn_facility_purchasedenergy" parentSchemaName="msdyn_facility" parentDisplayName="Facility" solution="msdyn_SustainabilityCarbonDataModel (2.10.0.271)">
          <package>msdyn_SustainabilityAnchor (2.10.0.271)</package>
          <package>msdyn_SustainabilityDataModelAnchor (2.9.0.387)</package>
        </Required>
        <Dependent type="10" schemaName="msdyn_facility_purchasedenergy" displayName="msdyn_facility_purchasedenergy" parentSchemaName="msdyn_facility" parentDisplayName="Facility" />
      </MissingDependency>
      <MissingDependency>
        <Required type="10" schemaName="msdyn_msdyn_purchasedenergy_facilityusagedetail" displayName="msdyn_msdyn_purchasedenergy_facilityusagedetail" parentSchemaName="msdyn_facilityannualdetail" parentDisplayName="Facility usage detail" solution="msdyn_SustainabilityCarbonDataModel (2.10.0.271)">
          <package>msdyn_SustainabilityAnchor (2.10.0.271)</package>
          <package>msdyn_SustainabilityDataModelAnchor (2.9.0.387)</package>
        </Required>
        <Dependent type="10" schemaName="msdyn_msdyn_purchasedenergy_facilityusagedetail" displayName="msdyn_msdyn_purchasedenergy_facilityusagedetail" parentSchemaName="msdyn_facilityannualdetail" parentDisplayName="Facility usage detail" />
      </MissingDependency>
      <MissingDependency>
        <Required type="10" schemaName="msdyn_msdyn_spendtype_msdyn_purchasedenergy" displayName="msdyn_msdyn_spendtype_msdyn_purchasedenergy" parentSchemaName="msdyn_spendtype" parentDisplayName="Spend type" solution="msdyn_SustainabilityCarbonDataModel (2.10.0.271)">
          <package>msdyn_SustainabilityAnchor (2.10.0.271)</package>
          <package>msdyn_SustainabilityDataModelAnchor (2.9.0.387)</package>
        </Required>
        <Dependent type="10" schemaName="msdyn_msdyn_spendtype_msdyn_purchasedenergy" displayName="msdyn_msdyn_spendtype_msdyn_purchasedenergy" parentSchemaName="msdyn_spendtype" parentDisplayName="Spend type" />
      </MissingDependency>
      <MissingDependency>
        <Required type="10" schemaName="msdyn_msdyn_purchasedenergy_datadefinition" displayName="msdyn_msdyn_purchasedenergy_datadefinition" parentSchemaName="msdyn_sustainabilitydatadefinition" parentDisplayName="Sustainability data definition" solution="msdyn_SustainabilityApplication (2.10.0.271)">
          <package>msdyn_SustainabilityAnchor (2.10.0.271)</package>
        </Required>
        <Dependent type="10" schemaName="msdyn_msdyn_purchasedenergy_datadefinition" displayName="msdyn_msdyn_purchasedenergy_datadefinition" parentSchemaName="msdyn_sustainabilitydatadefinition" parentDisplayName="Sustainability data definition" />
      </MissingDependency>
      <MissingDependency>
        <Required type="10" schemaName="msdyn_organizationalunit_purchasedenergy" displayName="msdyn_organizationalunit_purchasedenergy" parentSchemaName="msdyn_sustainabilityorganizationalunit" parentDisplayName="Organizational unit" solution="msdyn_SustainabilityCarbonDataModel (2.10.0.271)">
          <package>msdyn_SustainabilityAnchor (2.10.0.271)</package>
          <package>msdyn_SustainabilityDataModelAnchor (2.9.0.387)</package>
        </Required>
        <Dependent type="10" schemaName="msdyn_organizationalunit_purchasedenergy" displayName="msdyn_organizationalunit_purchasedenergy" parentSchemaName="msdyn_sustainabilityorganizationalunit" parentDisplayName="Organizational unit" />
      </MissingDependency>
      <MissingDependency>
        <Required type="10" schemaName="msdyn_msdyn_sustainabilityproductfootprint_msdyn_purchasedenergy_productfootprint" displayName="msdyn_msdyn_sustainabilityproductfootprint_msdyn_purchasedenergy_productfootprint" parentSchemaName="msdyn_sustainabilityproductfootprint" parentDisplayName="(Preview) Sustainability product footprint" solution="msdyn_SustainabilityCarbonDataModel (2.10.0.271)">
          <package>msdyn_SustainabilityAnchor (2.10.0.271)</package>
          <package>msdyn_SustainabilityDataModelAnchor (2.9.0.387)</package>
        </Required>
        <Dependent type="10" schemaName="msdyn_msdyn_sustainabilityproductfootprint_msdyn_purchasedenergy_productfootprint" displayName="msdyn_msdyn_sustainabilityproductfootprint_msdyn_purchasedenergy_productfootprint" parentSchemaName="msdyn_sustainabilityproductfootprint" parentDisplayName="(Preview) Sustainability product footprint" />
      </MissingDependency>
      <MissingDependency>
        <Required type="10" schemaName="msdyn_msdyn_unit_msdyn_purchasedenergy_costunit" displayName="msdyn_msdyn_unit_msdyn_purchasedenergy_costunit" parentSchemaName="msdyn_unit" parentDisplayName="Unit" solution="msdyn_SustainabilityCarbonDataModel (2.10.0.271)">
          <package>msdyn_SustainabilityAnchor (2.10.0.271)</package>
          <package>msdyn_SustainabilityDataModelAnchor (2.9.0.387)</package>
        </Required>
        <Dependent type="10" schemaName="msdyn_unit_msdyn_purchasedenergy_goodsunit" displayName="msdyn_unit_msdyn_purchasedenergy_goodsunit" parentSchemaName="msdyn_unit" parentDisplayName="Unit" />
      </MissingDependency>
      <MissingDependency>
        <Required type="10" schemaName="msdyn_unit_msdyn_purchasedenergy_goodsunit" displayName="msdyn_unit_msdyn_purchasedenergy_goodsunit" parentSchemaName="msdyn_unit" parentDisplayName="Unit" solution="msdyn_SustainabilityCarbonDataModel (2.10.0.271)">
          <package>msdyn_SustainabilityAnchor (2.10.0.271)</package>
          <package>msdyn_SustainabilityDataModelAnchor (2.9.0.387)</package>
        </Required>
        <Dependent type="10" schemaName="msdyn_unit_msdyn_purchasedenergy_goodsunit" displayName="msdyn_unit_msdyn_purchasedenergy_goodsunit" parentSchemaName="msdyn_unit" parentDisplayName="Unit" />
      </MissingDependency>
      <MissingDependency>
        <Required type="10" schemaName="msdyn_unit_purchasedenergy_quantityunit" displayName="msdyn_unit_purchasedenergy_quantityunit" parentSchemaName="msdyn_unit" parentDisplayName="Unit" solution="msdyn_SustainabilityCarbonDataModel (2.10.0.271)">
          <package>msdyn_SustainabilityAnchor (2.10.0.271)</package>
          <package>msdyn_SustainabilityDataModelAnchor (2.9.0.387)</package>
        </Required>
        <Dependent type="10" schemaName="msdyn_unit_msdyn_purchasedenergy_goodsunit" displayName="msdyn_unit_msdyn_purchasedenergy_goodsunit" parentSchemaName="msdyn_unit" parentDisplayName="Unit" />
      </MissingDependency>
      <MissingDependency>
        <Required type="10" schemaName="msdyn_valuechainpartner_msdyn_purchasedenergy" displayName="msdyn_valuechainpartner_msdyn_purchasedenergy" parentSchemaName="msdyn_valuechainpartner" parentDisplayName="Value Chain Partner" solution="msdyn_SustainabilityCarbonDataModel (2.10.0.271)">
          <package>msdyn_SustainabilityAnchor (2.10.0.271)</package>
          <package>msdyn_SustainabilityDataModelAnchor (2.9.0.387)</package>
        </Required>
        <Dependent type="10" schemaName="msdyn_valuechainpartner_msdyn_purchasedenergy" displayName="msdyn_valuechainpartner_msdyn_purchasedenergy" parentSchemaName="msdyn_valuechainpartner" parentDisplayName="Value Chain Partner" />
      </MissingDependency>
      <MissingDependency>
        <Required type="181" schemaName="NonRelational Data Provider" displayName="NonRelational Data Provider" solution="NonRelationalDataProvider (9.0.0.1189)" id="{1d9bde74-9ebd-4da9-8ff5-aa74945b9f74}" />
        <Dependent type="1" schemaName="msdyn_purchasedenergy" displayName="Purchased energy" />
      </MissingDependency>
      <MissingDependency>
        <Required type="183" schemaName="NonRelational Data Provider" displayName="NonRelational Data Provider" solution="NonRelationalDataProvider (9.0.0.1189)" id="{19897b6e-b2c2-461c-8f32-5a2413028030}" />
        <Dependent type="1" schemaName="msdyn_purchasedenergy" displayName="Purchased energy" />
      </MissingDependency>
      <MissingDependency>
        <Required type="2" schemaName="msdyn_contractualinstrumenttypeid" displayName="Contractual instrument type" parentSchemaName="msdyn_contractualinstrumenttype" parentDisplayName="Contractual instrument type" solution="msdyn_SustainabilityCarbonDataModel (2.10.0.271)">
          <package>msdyn_SustainabilityAnchor (2.10.0.271)</package>
          <package>msdyn_SustainabilityDataModelAnchor (2.9.0.387)</package>
        </Required>
        <Dependent type="10" schemaName="msdyn_contractualinstrumenttype_purchasedenergy" displayName="msdyn_contractualinstrumenttype_purchasedenergy" parentSchemaName="msdyn_contractualinstrumenttype" parentDisplayName="Contractual instrument type" />
      </MissingDependency>
      <MissingDependency>
        <Required type="2" schemaName="msdyn_name" displayName="Name" parentSchemaName="msdyn_contractualinstrumenttype" parentDisplayName="Contractual instrument type" solution="msdyn_SustainabilityCarbonDataModel (2.10.0.271)">
          <package>msdyn_SustainabilityAnchor (2.10.0.271)</package>
          <package>msdyn_SustainabilityDataModelAnchor (2.9.0.387)</package>
        </Required>
        <Dependent type="10" schemaName="msdyn_contractualinstrumenttype_purchasedenergy" displayName="msdyn_contractualinstrumenttype_purchasedenergy" parentSchemaName="msdyn_contractualinstrumenttype" parentDisplayName="Contractual instrument type" />
      </MissingDependency>
      <MissingDependency>
        <Required type="2" schemaName="msdyn_dataconnectionid" displayName="Connection" parentSchemaName="msdyn_dataconnection" parentDisplayName="Connection" solution="msdyn_SustainabilityApplication (2.10.0.271)">
          <package>msdyn_SustainabilityAnchor (2.10.0.271)</package>
        </Required>
        <Dependent type="10" schemaName="msdyn_dataconnection_purchasedenergy" displayName="msdyn_dataconnection_purchasedenergy" parentSchemaName="msdyn_dataconnection" parentDisplayName="Connection" />
      </MissingDependency>
      <MissingDependency>
        <Required type="2" schemaName="msdyn_name" displayName="Name" parentSchemaName="msdyn_dataconnection" parentDisplayName="Connection" solution="msdyn_SustainabilityApplication (2.10.0.271)">
          <package>msdyn_SustainabilityAnchor (2.10.0.271)</package>
        </Required>
        <Dependent type="10" schemaName="msdyn_dataconnection_purchasedenergy" displayName="msdyn_dataconnection_purchasedenergy" parentSchemaName="msdyn_dataconnection" parentDisplayName="Connection" />
      </MissingDependency>
      <MissingDependency>
        <Required type="2" schemaName="msdyn_dataconnectionrefreshid" displayName="Connection refresh" parentSchemaName="msdyn_dataconnectionrefresh" parentDisplayName="Connection refresh" solution="msdyn_SustainabilityApplication (2.10.0.271)">
          <package>msdyn_SustainabilityAnchor (2.10.0.271)</package>
        </Required>
        <Dependent type="10" schemaName="msdyn_purchasedenergy_ConnectionRefresh" displayName="msdyn_purchasedenergy_ConnectionRefresh" parentSchemaName="msdyn_dataconnectionrefresh" parentDisplayName="Connection refresh" />
      </MissingDependency>
      <MissingDependency>
        <Required type="2" schemaName="msdyn_name" displayName="Name" parentSchemaName="msdyn_dataconnectionrefresh" parentDisplayName="Connection refresh" solution="msdyn_SustainabilityApplication (2.10.0.271)">
          <package>msdyn_SustainabilityAnchor (2.10.0.271)</package>
        </Required>
        <Dependent type="10" schemaName="msdyn_purchasedenergy_ConnectionRefresh" displayName="msdyn_purchasedenergy_ConnectionRefresh" parentSchemaName="msdyn_dataconnectionrefresh" parentDisplayName="Connection refresh" />
      </MissingDependency>
      <MissingDependency>
        <Required type="2" schemaName="msdyn_facilityid" displayName="Facility" parentSchemaName="msdyn_facility" parentDisplayName="Facility" solution="msdyn_SustainabilitySharedDataModel (2.10.0.271)">
          <package>msdyn_SustainabilityAnchor (2.10.0.271)</package>
          <package>msdyn_SustainabilityDataModelAnchor (2.9.0.387)</package>
          <package>msdyn_SustainabilityWasteDataModelAnchor (2.9.0.387)</package>
          <package>msdyn_SustainabilityWaterDataModelAnchor (2.9.0.387)</package>
        </Required>
        <Dependent type="10" schemaName="msdyn_facility_purchasedenergy" displayName="msdyn_facility_purchasedenergy" parentSchemaName="msdyn_facility" parentDisplayName="Facility" />
      </MissingDependency>
      <MissingDependency>
        <Required type="2" schemaName="msdyn_name" displayName="Name" parentSchemaName="msdyn_facility" parentDisplayName="Facility" solution="msdyn_SustainabilitySharedDataModel (2.10.0.271)">
          <package>msdyn_SustainabilityAnchor (2.10.0.271)</package>
          <package>msdyn_SustainabilityDataModelAnchor (2.9.0.387)</package>
          <package>msdyn_SustainabilityWasteDataModelAnchor (2.9.0.387)</package>
          <package>msdyn_SustainabilityWaterDataModelAnchor (2.9.0.387)</package>
        </Required>
        <Dependent type="10" schemaName="msdyn_facility_purchasedenergy" displayName="msdyn_facility_purchasedenergy" parentSchemaName="msdyn_facility" parentDisplayName="Facility" />
      </MissingDependency>
      <MissingDependency>
        <Required type="2" schemaName="msdyn_facilityannualdetailid" displayName="Facility annual details" parentSchemaName="msdyn_facilityannualdetail" parentDisplayName="Facility usage detail" solution="msdyn_SustainabilitySharedDataModel (2.10.0.271)">
          <package>msdyn_SustainabilityAnchor (2.10.0.271)</package>
          <package>msdyn_SustainabilityDataModelAnchor (2.9.0.387)</package>
          <package>msdyn_SustainabilityWasteDataModelAnchor (2.9.0.387)</package>
          <package>msdyn_SustainabilityWaterDataModelAnchor (2.9.0.387)</package>
        </Required>
        <Dependent type="10" schemaName="msdyn_msdyn_purchasedenergy_facilityusagedetail" displayName="msdyn_msdyn_purchasedenergy_facilityusagedetail" parentSchemaName="msdyn_facilityannualdetail" parentDisplayName="Facility usage detail" />
      </MissingDependency>
      <MissingDependency>
        <Required type="2" schemaName="msdyn_year" displayName="Year" parentSchemaName="msdyn_facilityannualdetail" parentDisplayName="Facility usage detail" solution="msdyn_SustainabilitySharedDataModel (2.10.0.271)">
          <package>msdyn_SustainabilityAnchor (2.10.0.271)</package>
          <package>msdyn_SustainabilityDataModelAnchor (2.9.0.387)</package>
          <package>msdyn_SustainabilityWasteDataModelAnchor (2.9.0.387)</package>
          <package>msdyn_SustainabilityWaterDataModelAnchor (2.9.0.387)</package>
        </Required>
        <Dependent type="10" schemaName="msdyn_msdyn_purchasedenergy_facilityusagedetail" displayName="msdyn_msdyn_purchasedenergy_facilityusagedetail" parentSchemaName="msdyn_facilityannualdetail" parentDisplayName="Facility usage detail" />
      </MissingDependency>
      <MissingDependency>
        <Required type="2" schemaName="msdyn_contractualinstrumenttypeid" displayName="Contractual Instrument Type" parentSchemaName="msdyn_purchasedenergy" parentDisplayName="Purchased energy" solution="msdyn_SustainabilityCarbonDataModel (2.10.0.271)">
          <package>msdyn_SustainabilityAnchor (2.10.0.271)</package>
          <package>msdyn_SustainabilityDataModelAnchor (2.9.0.387)</package>
        </Required>
        <Dependent type="10" schemaName="msdyn_contractualinstrumenttype_purchasedenergy" displayName="msdyn_contractualinstrumenttype_purchasedenergy" parentSchemaName="msdyn_contractualinstrumenttype" parentDisplayName="Contractual instrument type" />
      </MissingDependency>
      <MissingDependency>
        <Required type="2" schemaName="msdyn_costunit" displayName="Cost unit" parentSchemaName="msdyn_purchasedenergy" parentDisplayName="Purchased energy" solution="msdyn_SustainabilityCarbonDataModel (2.10.0.271)">
          <package>msdyn_SustainabilityAnchor (2.10.0.271)</package>
          <package>msdyn_SustainabilityDataModelAnchor (2.9.0.387)</package>
        </Required>
        <Dependent type="10" schemaName="msdyn_unit_msdyn_purchasedenergy_goodsunit" displayName="msdyn_unit_msdyn_purchasedenergy_goodsunit" parentSchemaName="msdyn_unit" parentDisplayName="Unit" />
      </MissingDependency>
      <MissingDependency>
        <Required type="2" schemaName="msdyn_dataconnection" displayName="Connection" parentSchemaName="msdyn_purchasedenergy" parentDisplayName="Purchased energy" solution="msdyn_SustainabilityApplication (2.10.0.271)">
          <package>msdyn_SustainabilityAnchor (2.10.0.271)</package>
        </Required>
        <Dependent type="10" schemaName="msdyn_dataconnection_purchasedenergy" displayName="msdyn_dataconnection_purchasedenergy" parentSchemaName="msdyn_dataconnection" parentDisplayName="Connection" />
      </MissingDependency>
      <MissingDependency>
        <Required type="2" schemaName="msdyn_dataconnectionrefresh" displayName="Connection Refresh" parentSchemaName="msdyn_purchasedenergy" parentDisplayName="Purchased energy" solution="msdyn_SustainabilityApplication (2.10.0.271)">
          <package>msdyn_SustainabilityAnchor (2.10.0.271)</package>
        </Required>
        <Dependent type="10" schemaName="msdyn_purchasedenergy_ConnectionRefresh" displayName="msdyn_purchasedenergy_ConnectionRefresh" parentSchemaName="msdyn_dataconnectionrefresh" parentDisplayName="Connection refresh" />
      </MissingDependency>
      <MissingDependency>
        <Required type="2" schemaName="msdyn_datadefinition" displayName="Sustainability data definition" parentSchemaName="msdyn_purchasedenergy" parentDisplayName="Purchased energy" solution="msdyn_SustainabilityApplication (2.10.0.271)">
          <package>msdyn_SustainabilityAnchor (2.10.0.271)</package>
        </Required>
        <Dependent type="10" schemaName="msdyn_msdyn_purchasedenergy_datadefinition" displayName="msdyn_msdyn_purchasedenergy_datadefinition" parentSchemaName="msdyn_sustainabilitydatadefinition" parentDisplayName="Sustainability data definition" />
      </MissingDependency>
      <MissingDependency>
        <Required type="2" schemaName="msdyn_facilityid" displayName="Facility" parentSchemaName="msdyn_purchasedenergy" parentDisplayName="Purchased energy" solution="msdyn_SustainabilityCarbonDataModel (2.10.0.271)">
          <package>msdyn_SustainabilityAnchor (2.10.0.271)</package>
          <package>msdyn_SustainabilityDataModelAnchor (2.9.0.387)</package>
        </Required>
        <Dependent type="10" schemaName="msdyn_facility_purchasedenergy" displayName="msdyn_facility_purchasedenergy" parentSchemaName="msdyn_facility" parentDisplayName="Facility" />
      </MissingDependency>
      <MissingDependency>
        <Required type="2" schemaName="msdyn_facilityusagedetailid" displayName="Facility usage detail" parentSchemaName="msdyn_purchasedenergy" parentDisplayName="Purchased energy" solution="msdyn_SustainabilityCarbonDataModel (2.10.0.271)">
          <package>msdyn_SustainabilityAnchor (2.10.0.271)</package>
          <package>msdyn_SustainabilityDataModelAnchor (2.9.0.387)</package>
        </Required>
        <Dependent type="10" schemaName="msdyn_msdyn_purchasedenergy_facilityusagedetail" displayName="msdyn_msdyn_purchasedenergy_facilityusagedetail" parentSchemaName="msdyn_facilityannualdetail" parentDisplayName="Facility usage detail" />
      </MissingDependency>
      <MissingDependency>
        <Required type="2" schemaName="msdyn_goodsunit" displayName="Goods quantity unit" parentSchemaName="msdyn_purchasedenergy" parentDisplayName="Purchased energy" solution="msdyn_SustainabilityCarbonDataModel (2.10.0.271)">
          <package>msdyn_SustainabilityAnchor (2.10.0.271)</package>
          <package>msdyn_SustainabilityDataModelAnchor (2.9.0.387)</package>
        </Required>
        <Dependent type="10" schemaName="msdyn_unit_msdyn_purchasedenergy_goodsunit" displayName="msdyn_unit_msdyn_purchasedenergy_goodsunit" parentSchemaName="msdyn_unit" parentDisplayName="Unit" />
      </MissingDependency>
      <MissingDependency>
        <Required type="2" schemaName="msdyn_organizationalunitid" displayName="Organizational Unit" parentSchemaName="msdyn_purchasedenergy" parentDisplayName="Purchased energy" solution="msdyn_SustainabilityCarbonDataModel (2.10.0.271)">
          <package>msdyn_SustainabilityAnchor (2.10.0.271)</package>
          <package>msdyn_SustainabilityDataModelAnchor (2.9.0.387)</package>
        </Required>
        <Dependent type="10" schemaName="msdyn_organizationalunit_purchasedenergy" displayName="msdyn_organizationalunit_purchasedenergy" parentSchemaName="msdyn_sustainabilityorganizationalunit" parentDisplayName="Organizational unit" />
      </MissingDependency>
      <MissingDependency>
        <Required type="2" schemaName="msdyn_productfootprint" displayName="(Preview) Sustainability product footprint" parentSchemaName="msdyn_purchasedenergy" parentDisplayName="Purchased energy" solution="msdyn_SustainabilityCarbonDataModel (2.10.0.271)">
          <package>msdyn_SustainabilityAnchor (2.10.0.271)</package>
          <package>msdyn_SustainabilityDataModelAnchor (2.9.0.387)</package>
        </Required>
        <Dependent type="10" schemaName="msdyn_msdyn_sustainabilityproductfootprint_msdyn_purchasedenergy_productfootprint" displayName="msdyn_msdyn_sustainabilityproductfootprint_msdyn_purchasedenergy_productfootprint" parentSchemaName="msdyn_sustainabilityproductfootprint" parentDisplayName="(Preview) Sustainability product footprint" />
      </MissingDependency>
      <MissingDependency>
        <Required type="2" schemaName="msdyn_quantityunit" displayName="Quantity unit" parentSchemaName="msdyn_purchasedenergy" parentDisplayName="Purchased energy" solution="msdyn_SustainabilityCarbonDataModel (2.10.0.271)">
          <package>msdyn_SustainabilityAnchor (2.10.0.271)</package>
          <package>msdyn_SustainabilityDataModelAnchor (2.9.0.387)</package>
        </Required>
        <Dependent type="10" schemaName="msdyn_unit_msdyn_purchasedenergy_goodsunit" displayName="msdyn_unit_msdyn_purchasedenergy_goodsunit" parentSchemaName="msdyn_unit" parentDisplayName="Unit" />
      </MissingDependency>
      <MissingDependency>
        <Required type="2" schemaName="msdyn_spendtypeid" displayName="Spend type" parentSchemaName="msdyn_purchasedenergy" parentDisplayName="Purchased energy" solution="msdyn_SustainabilityCarbonDataModel (2.10.0.271)">
          <package>msdyn_SustainabilityAnchor (2.10.0.271)</package>
          <package>msdyn_SustainabilityDataModelAnchor (2.9.0.387)</package>
        </Required>
        <Dependent type="10" schemaName="msdyn_msdyn_spendtype_msdyn_purchasedenergy" displayName="msdyn_msdyn_spendtype_msdyn_purchasedenergy" parentSchemaName="msdyn_spendtype" parentDisplayName="Spend type" />
      </MissingDependency>
      <MissingDependency>
        <Required type="2" schemaName="msdyn_valuechainpartnerid" displayName="Value chain partner" parentSchemaName="msdyn_purchasedenergy" parentDisplayName="Purchased energy" solution="msdyn_SustainabilityCarbonDataModel (2.10.0.271)">
          <package>msdyn_SustainabilityAnchor (2.10.0.271)</package>
          <package>msdyn_SustainabilityDataModelAnchor (2.9.0.387)</package>
        </Required>
        <Dependent type="10" schemaName="msdyn_valuechainpartner_msdyn_purchasedenergy" displayName="msdyn_valuechainpartner_msdyn_purchasedenergy" parentSchemaName="msdyn_valuechainpartner" parentDisplayName="Value Chain Partner" />
      </MissingDependency>
      <MissingDependency>
        <Required type="2" schemaName="msdyn_name" displayName="Name" parentSchemaName="msdyn_spendtype" parentDisplayName="Spend type" solution="msdyn_SustainabilityCarbonDataModel (2.10.0.271)">
          <package>msdyn_SustainabilityAnchor (2.10.0.271)</package>
          <package>msdyn_SustainabilityDataModelAnchor (2.9.0.387)</package>
        </Required>
        <Dependent type="10" schemaName="msdyn_msdyn_spendtype_msdyn_purchasedenergy" displayName="msdyn_msdyn_spendtype_msdyn_purchasedenergy" parentSchemaName="msdyn_spendtype" parentDisplayName="Spend type" />
      </MissingDependency>
      <MissingDependency>
        <Required type="2" schemaName="msdyn_spendtypeid" displayName="Spend type" parentSchemaName="msdyn_spendtype" parentDisplayName="Spend type" solution="msdyn_SustainabilityCarbonDataModel (2.10.0.271)">
          <package>msdyn_SustainabilityAnchor (2.10.0.271)</package>
          <package>msdyn_SustainabilityDataModelAnchor (2.9.0.387)</package>
        </Required>
        <Dependent type="10" schemaName="msdyn_msdyn_spendtype_msdyn_purchasedenergy" displayName="msdyn_msdyn_spendtype_msdyn_purchasedenergy" parentSchemaName="msdyn_spendtype" parentDisplayName="Spend type" />
      </MissingDependency>
      <MissingDependency>
        <Required type="2" schemaName="msdyn_name" displayName="Name" parentSchemaName="msdyn_sustainabilitydatadefinition" parentDisplayName="Sustainability data definition" solution="msdyn_SustainabilitySharedDataModel (2.10.0.271)">
          <package>msdyn_SustainabilityAnchor (2.10.0.271)</package>
          <package>msdyn_SustainabilityDataModelAnchor (2.9.0.387)</package>
          <package>msdyn_SustainabilityWasteDataModelAnchor (2.9.0.387)</package>
          <package>msdyn_SustainabilityWaterDataModelAnchor (2.9.0.387)</package>
        </Required>
        <Dependent type="10" schemaName="msdyn_msdyn_purchasedenergy_datadefinition" displayName="msdyn_msdyn_purchasedenergy_datadefinition" parentSchemaName="msdyn_sustainabilitydatadefinition" parentDisplayName="Sustainability data definition" />
      </MissingDependency>
      <MissingDependency>
        <Required type="2" schemaName="msdyn_sustainabilitydatadefinitionid" displayName="Sustainability data definition" parentSchemaName="msdyn_sustainabilitydatadefinition" parentDisplayName="Sustainability data definition" solution="msdyn_SustainabilitySharedDataModel (2.10.0.271)">
          <package>msdyn_SustainabilityAnchor (2.10.0.271)</package>
          <package>msdyn_SustainabilityDataModelAnchor (2.9.0.387)</package>
          <package>msdyn_SustainabilityWasteDataModelAnchor (2.9.0.387)</package>
          <package>msdyn_SustainabilityWaterDataModelAnchor (2.9.0.387)</package>
        </Required>
        <Dependent type="10" schemaName="msdyn_msdyn_purchasedenergy_datadefinition" displayName="msdyn_msdyn_purchasedenergy_datadefinition" parentSchemaName="msdyn_sustainabilitydatadefinition" parentDisplayName="Sustainability data definition" />
      </MissingDependency>
      <MissingDependency>
        <Required type="2" schemaName="msdyn_name" displayName="Name" parentSchemaName="msdyn_sustainabilityorganizationalunit" parentDisplayName="Organizational unit" solution="msdyn_SustainabilitySharedDataModel (2.10.0.271)">
          <package>msdyn_SustainabilityAnchor (2.10.0.271)</package>
          <package>msdyn_SustainabilityDataModelAnchor (2.9.0.387)</package>
          <package>msdyn_SustainabilityWasteDataModelAnchor (2.9.0.387)</package>
          <package>msdyn_SustainabilityWaterDataModelAnchor (2.9.0.387)</package>
        </Required>
        <Dependent type="10" schemaName="msdyn_organizationalunit_purchasedenergy" displayName="msdyn_organizationalunit_purchasedenergy" parentSchemaName="msdyn_sustainabilityorganizationalunit" parentDisplayName="Organizational unit" />
      </MissingDependency>
      <MissingDependency>
        <Required type="2" schemaName="msdyn_name" displayName="Name" parentSchemaName="msdyn_sustainabilityorganizationalunit" parentDisplayName="Organizational unit" solution="msdyn_SustainabilitySharedDataModel (2.10.0.271)">
          <package>msdyn_SustainabilityAnchor (2.10.0.271)</package>
          <package>msdyn_SustainabilityDataModelAnchor (2.9.0.387)</package>
          <package>msdyn_SustainabilityWasteDataModelAnchor (2.9.0.387)</package>
          <package>msdyn_SustainabilityWaterDataModelAnchor (2.9.0.387)</package>
        </Required>
        <Dependent type="10" schemaName="shbx_shbx_organizationalunittarget_Organizatio" displayName="shbx_shbx_organizationalunittarget_Organizatio" parentSchemaName="msdyn_sustainabilityorganizationalunit" parentDisplayName="Organizational unit" />
      </MissingDependency>
      <MissingDependency>
        <Required type="2" schemaName="msdyn_sustainabilityorganizationalunitid" displayName="Reporting organizational unit" parentSchemaName="msdyn_sustainabilityorganizationalunit" parentDisplayName="Organizational unit" solution="msdyn_SustainabilitySharedDataModel (2.10.0.271)">
          <package>msdyn_SustainabilityAnchor (2.10.0.271)</package>
          <package>msdyn_SustainabilityDataModelAnchor (2.9.0.387)</package>
          <package>msdyn_SustainabilityWasteDataModelAnchor (2.9.0.387)</package>
          <package>msdyn_SustainabilityWaterDataModelAnchor (2.9.0.387)</package>
        </Required>
        <Dependent type="10" schemaName="msdyn_organizationalunit_purchasedenergy" displayName="msdyn_organizationalunit_purchasedenergy" parentSchemaName="msdyn_sustainabilityorganizationalunit" parentDisplayName="Organizational unit" />
      </MissingDependency>
      <MissingDependency>
        <Required type="2" schemaName="msdyn_sustainabilityorganizationalunitid" displayName="Reporting organizational unit" parentSchemaName="msdyn_sustainabilityorganizationalunit" parentDisplayName="Organizational unit" solution="msdyn_SustainabilitySharedDataModel (2.10.0.271)">
          <package>msdyn_SustainabilityAnchor (2.10.0.271)</package>
          <package>msdyn_SustainabilityDataModelAnchor (2.9.0.387)</package>
          <package>msdyn_SustainabilityWasteDataModelAnchor (2.9.0.387)</package>
          <package>msdyn_SustainabilityWaterDataModelAnchor (2.9.0.387)</package>
        </Required>
        <Dependent type="10" schemaName="shbx_shbx_organizationalunittarget_Organizatio" displayName="shbx_shbx_organizationalunittarget_Organizatio" parentSchemaName="msdyn_sustainabilityorganizationalunit" parentDisplayName="Organizational unit" />
      </MissingDependency>
      <MissingDependency>
        <Required type="2" schemaName="msdyn_name" displayName="Name" parentSchemaName="msdyn_sustainabilityproductfootprint" parentDisplayName="(Preview) Sustainability product footprint" solution="msdyn_SustainabilityCarbonDataModel (2.10.0.271)">
          <package>msdyn_SustainabilityAnchor (2.10.0.271)</package>
          <package>msdyn_SustainabilityDataModelAnchor (2.9.0.387)</package>
        </Required>
        <Dependent type="10" schemaName="msdyn_msdyn_sustainabilityproductfootprint_msdyn_purchasedenergy_productfootprint" displayName="msdyn_msdyn_sustainabilityproductfootprint_msdyn_purchasedenergy_productfootprint" parentSchemaName="msdyn_sustainabilityproductfootprint" parentDisplayName="(Preview) Sustainability product footprint" />
      </MissingDependency>
      <MissingDependency>
        <Required type="2" schemaName="msdyn_sustainabilityproductfootprintid" displayName="(Preview) Sustainability product footprint" parentSchemaName="msdyn_sustainabilityproductfootprint" parentDisplayName="(Preview) Sustainability product footprint" solution="msdyn_SustainabilityCarbonDataModel (2.10.0.271)">
          <package>msdyn_SustainabilityAnchor (2.10.0.271)</package>
          <package>msdyn_SustainabilityDataModelAnchor (2.9.0.387)</package>
        </Required>
        <Dependent type="10" schemaName="msdyn_msdyn_sustainabilityproductfootprint_msdyn_purchasedenergy_productfootprint" displayName="msdyn_msdyn_sustainabilityproductfootprint_msdyn_purchasedenergy_productfootprint" parentSchemaName="msdyn_sustainabilityproductfootprint" parentDisplayName="(Preview) Sustainability product footprint" />
      </MissingDependency>
      <MissingDependency>
        <Required type="2" schemaName="msdyn_name" displayName="Name" parentSchemaName="msdyn_unit" parentDisplayName="Unit" solution="msdyn_SustainabilitySharedDataModel (2.10.0.271)">
          <package>msdyn_SustainabilityAnchor (2.10.0.271)</package>
          <package>msdyn_SustainabilityDataModelAnchor (2.9.0.387)</package>
          <package>msdyn_SustainabilityWasteDataModelAnchor (2.9.0.387)</package>
          <package>msdyn_SustainabilityWaterDataModelAnchor (2.9.0.387)</package>
        </Required>
        <Dependent type="10" schemaName="msdyn_unit_msdyn_purchasedenergy_goodsunit" displayName="msdyn_unit_msdyn_purchasedenergy_goodsunit" parentSchemaName="msdyn_unit" parentDisplayName="Unit" />
      </MissingDependency>
      <MissingDependency>
        <Required type="2" schemaName="msdyn_name" displayName="Name" parentSchemaName="msdyn_unit" parentDisplayName="Unit" solution="msdyn_SustainabilitySharedDataModel (2.10.0.271)">
          <package>msdyn_SustainabilityAnchor (2.10.0.271)</package>
          <package>msdyn_SustainabilityDataModelAnchor (2.9.0.387)</package>
          <package>msdyn_SustainabilityWasteDataModelAnchor (2.9.0.387)</package>
          <package>msdyn_SustainabilityWaterDataModelAnchor (2.9.0.387)</package>
        </Required>
        <Dependent type="10" schemaName="shbx_msdyn_purchasedenergy_SourceUnit_msdyn_un" displayName="shbx_msdyn_purchasedenergy_SourceUnit_msdyn_un" parentSchemaName="msdyn_unit" parentDisplayName="Unit" />
      </MissingDependency>
      <MissingDependency>
        <Required type="2" schemaName="msdyn_unitid" displayName="Unit" parentSchemaName="msdyn_unit" parentDisplayName="Unit" solution="msdyn_SustainabilitySharedDataModel (2.10.0.271)">
          <package>msdyn_SustainabilityAnchor (2.10.0.271)</package>
          <package>msdyn_SustainabilityDataModelAnchor (2.9.0.387)</package>
          <package>msdyn_SustainabilityWasteDataModelAnchor (2.9.0.387)</package>
          <package>msdyn_SustainabilityWaterDataModelAnchor (2.9.0.387)</package>
        </Required>
        <Dependent type="10" schemaName="msdyn_unit_msdyn_purchasedenergy_goodsunit" displayName="msdyn_unit_msdyn_purchasedenergy_goodsunit" parentSchemaName="msdyn_unit" parentDisplayName="Unit" />
      </MissingDependency>
      <MissingDependency>
        <Required type="2" schemaName="msdyn_name" displayName="Name" parentSchemaName="msdyn_valuechainpartner" parentDisplayName="Value Chain Partner" solution="msdyn_SustainabilitySharedDataModel (2.10.0.271)">
          <package>msdyn_SustainabilityAnchor (2.10.0.271)</package>
          <package>msdyn_SustainabilityDataModelAnchor (2.9.0.387)</package>
          <package>msdyn_SustainabilityWasteDataModelAnchor (2.9.0.387)</package>
          <package>msdyn_SustainabilityWaterDataModelAnchor (2.9.0.387)</package>
        </Required>
        <Dependent type="10" schemaName="msdyn_valuechainpartner_msdyn_purchasedenergy" displayName="msdyn_valuechainpartner_msdyn_purchasedenergy" parentSchemaName="msdyn_valuechainpartner" parentDisplayName="Value Chain Partner" />
      </MissingDependency>
      <MissingDependency>
        <Required type="2" schemaName="msdyn_valuechainpartnerid" displayName="Value Chain Partner" parentSchemaName="msdyn_valuechainpartner" parentDisplayName="Value Chain Partner" solution="msdyn_SustainabilitySharedDataModel (2.10.0.271)">
          <package>msdyn_SustainabilityAnchor (2.10.0.271)</package>
          <package>msdyn_SustainabilityDataModelAnchor (2.9.0.387)</package>
          <package>msdyn_SustainabilityWasteDataModelAnchor (2.9.0.387)</package>
          <package>msdyn_SustainabilityWaterDataModelAnchor (2.9.0.387)</package>
        </Required>
        <Dependent type="10" schemaName="msdyn_valuechainpartner_msdyn_purchasedenergy" displayName="msdyn_valuechainpartner_msdyn_purchasedenergy" parentSchemaName="msdyn_valuechainpartner" parentDisplayName="Value Chain Partner" />
      </MissingDependency>
    </MissingDependencies>
  </SolutionManifest>
</ImportExportXml>