<ImportExportXml version="9.2.23053.234" SolutionPackageVersion="9.2" languagecode="1033" generatedBy="CrmLive" xmlns:xsi="http://www.w3.org/2001/XMLSchema-instance">
  <SolutionManifest>
    <UniqueName>SHBXCAPDataModel</UniqueName>
    <LocalizedNames>
      <LocalizedName description="SHBX CAP Data Model" languagecode="1033" />
    </LocalizedNames>
    <Descriptions />
    <Version>1.0.0.2</Version>
    <Managed>0</Managed>
    <Publisher>
      <UniqueName>SustainabilityHackbox</UniqueName>
      <LocalizedNames>
        <LocalizedName description="Sustainability Hackbox" languagecode="1033" />
      </LocalizedNames>
      <Descriptions />
      <EMailAddress xsi:nil="true"></EMailAddress>
      <SupportingWebsiteUrl xsi:nil="true"></SupportingWebsiteUrl>
      <CustomizationPrefix>shbx</CustomizationPrefix>
      <CustomizationOptionValuePrefix>33979</CustomizationOptionValuePrefix>
      <Addresses>
        <Address>
          <AddressNumber>1</AddressNumber>
          <AddressTypeCode>1</AddressTypeCode>
          <City xsi:nil="true"></City>
          <County xsi:nil="true"></County>
          <Country xsi:nil="true"></Country>
          <Fax xsi:nil="true"></Fax>
          <FreightTermsCode xsi:nil="true"></FreightTermsCode>
          <ImportSequenceNumber xsi:nil="true"></ImportSequenceNumber>
          <Latitude xsi:nil="true"></Latitude>
          <Line1 xsi:nil="true"></Line1>
          <Line2 xsi:nil="true"></Line2>
          <Line3 xsi:nil="true"></Line3>
          <Longitude xsi:nil="true"></Longitude>
          <Name xsi:nil="true"></Name>
          <PostalCode xsi:nil="true"></PostalCode>
          <PostOfficeBox xsi:nil="true"></PostOfficeBox>
          <PrimaryContactName xsi:nil="true"></PrimaryContactName>
          <ShippingMethodCode>1</ShippingMethodCode>
          <StateOrProvince xsi:nil="true"></StateOrProvince>
          <Telephone1 xsi:nil="true"></Telephone1>
          <Telephone2 xsi:nil="true"></Telephone2>
          <Telephone3 xsi:nil="true"></Telephone3>
          <TimeZoneRuleVersionNumber xsi:nil="true"></TimeZoneRuleVersionNumber>
          <UPSZone xsi:nil="true"></UPSZone>
          <UTCOffset xsi:nil="true"></UTCOffset>
          <UTCConversionTimeZoneCode xsi:nil="true"></UTCConversionTimeZoneCode>
        </Address>
        <Address>
          <AddressNumber>2</AddressNumber>
          <AddressTypeCode>1</AddressTypeCode>
          <City xsi:nil="true"></City>
          <County xsi:nil="true"></County>
          <Country xsi:nil="true"></Country>
          <Fax xsi:nil="true"></Fax>
          <FreightTermsCode xsi:nil="true"></FreightTermsCode>
          <ImportSequenceNumber xsi:nil="true"></ImportSequenceNumber>
          <Latitude xsi:nil="true"></Latitude>
          <Line1 xsi:nil="true"></Line1>
          <Line2 xsi:nil="true"></Line2>
          <Line3 xsi:nil="true"></Line3>
          <Longitude xsi:nil="true"></Longitude>
          <Name xsi:nil="true"></Name>
          <PostalCode xsi:nil="true"></PostalCode>
          <PostOfficeBox xsi:nil="true"></PostOfficeBox>
          <PrimaryContactName xsi:nil="true"></PrimaryContactName>
          <ShippingMethodCode>1</ShippingMethodCode>
          <StateOrProvince xsi:nil="true"></StateOrProvince>
          <Telephone1 xsi:nil="true"></Telephone1>
          <Telephone2 xsi:nil="true"></Telephone2>
          <Telephone3 xsi:nil="true"></Telephone3>
          <TimeZoneRuleVersionNumber xsi:nil="true"></TimeZoneRuleVersionNumber>
          <UPSZone xsi:nil="true"></UPSZone>
          <UTCOffset xsi:nil="true"></UTCOffset>
          <UTCConversionTimeZoneCode xsi:nil="true"></UTCConversionTimeZoneCode>
        </Address>
      </Addresses>
    </Publisher>
    <RootComponents>
      <RootComponent type="1" schemaName="msdyn_countryregionmapping" behavior="1" />
      <RootComponent type="1" schemaName="shbx_capemission" behavior="0" />
      <RootComponent type="1" schemaName="shbx_lever" behavior="0" />
      <RootComponent type="1" schemaName="shbx_worldregion" behavior="0" />
    </RootComponents>
    <MissingDependencies>
      <MissingDependency>
        <Required type="1" schemaName="msdyn_countryregionmapping" displayName="Country/Region mapping" solution="msdyn_SustainabilitySharedDataModel (2.10.0.271)">
          <package>msdyn_SustainabilityAnchor (2.10.0.271)</package>
          <package>msdyn_SustainabilityDataModelAnchor (2.9.0.387)</package>
          <package>msdyn_SustainabilityWasteDataModelAnchor (2.9.0.387)</package>
          <package>msdyn_SustainabilityWaterDataModelAnchor (2.9.0.387)</package>
        </Required>
        <Dependent type="1" schemaName="msdyn_countryregionmapping" displayName="Country/Region mapping" />
      </MissingDependency>
      <MissingDependency>
        <Required type="1" schemaName="msdyn_countryregionmapping" displayName="Country/Region mapping" solution="msdyn_SustainabilitySharedDataModel (2.10.0.271)">
          <package>msdyn_SustainabilityAnchor (2.10.0.271)</package>
          <package>msdyn_SustainabilityDataModelAnchor (2.9.0.387)</package>
          <package>msdyn_SustainabilityWasteDataModelAnchor (2.9.0.387)</package>
          <package>msdyn_SustainabilityWaterDataModelAnchor (2.9.0.387)</package>
        </Required>
        <Dependent type="10" schemaName="shbx_shbx_capemission_Region_msdyn_countryregi" displayName="shbx_shbx_capemission_Region_msdyn_countryregi" parentSchemaName="msdyn_countryregionmapping" parentDisplayName="Country/Region mapping" />
      </MissingDependency>
      <MissingDependency>
        <Required type="1" schemaName="msdyn_sustainabilityorganizationalunit" displayName="Organizational unit" solution="msdyn_SustainabilitySharedDataModel (2.10.0.271)">
          <package>msdyn_SustainabilityAnchor (2.10.0.271)</package>
          <package>msdyn_SustainabilityDataModelAnchor (2.9.0.387)</package>
          <package>msdyn_SustainabilityWasteDataModelAnchor (2.9.0.387)</package>
          <package>msdyn_SustainabilityWaterDataModelAnchor (2.9.0.387)</package>
        </Required>
        <Dependent type="10" schemaName="shbx_shbx_capemission_OrgUnitDivision_msdyn_su" displayName="shbx_shbx_capemission_OrgUnitDivision_msdyn_su" parentSchemaName="msdyn_sustainabilityorganizationalunit" parentDisplayName="Organizational unit" />
      </MissingDependency>
      <MissingDependency>
        <Required type="2" schemaName="msdyn_countryregionmappingid" displayName="Country/Region mapping" parentSchemaName="msdyn_countryregionmapping" parentDisplayName="Country/Region mapping" solution="msdyn_SustainabilitySharedDataModel (2.10.0.271)">
          <package>msdyn_SustainabilityAnchor (2.10.0.271)</package>
          <package>msdyn_SustainabilityDataModelAnchor (2.9.0.387)</package>
          <package>msdyn_SustainabilityWasteDataModelAnchor (2.9.0.387)</package>
          <package>msdyn_SustainabilityWaterDataModelAnchor (2.9.0.387)</package>
        </Required>
        <Dependent type="10" schemaName="shbx_shbx_capemission_Region_msdyn_countryregi" displayName="shbx_shbx_capemission_Region_msdyn_countryregi" parentSchemaName="msdyn_countryregionmapping" parentDisplayName="Country/Region mapping" />
      </MissingDependency>
      <MissingDependency>
        <Required type="2" schemaName="msdyn_name" displayName="Name" parentSchemaName="msdyn_countryregionmapping" parentDisplayName="Country/Region mapping" solution="msdyn_SustainabilitySharedDataModel (2.10.0.271)">
          <package>msdyn_SustainabilityAnchor (2.10.0.271)</package>
          <package>msdyn_SustainabilityDataModelAnchor (2.9.0.387)</package>
          <package>msdyn_SustainabilityWasteDataModelAnchor (2.9.0.387)</package>
          <package>msdyn_SustainabilityWaterDataModelAnchor (2.9.0.387)</package>
        </Required>
        <Dependent type="10" schemaName="shbx_shbx_capemission_Region_msdyn_countryregi" displayName="shbx_shbx_capemission_Region_msdyn_countryregi" parentSchemaName="msdyn_countryregionmapping" parentDisplayName="Country/Region mapping" />
      </MissingDependency>
      <MissingDependency>
        <Required type="2" schemaName="msdyn_name" displayName="Name" parentSchemaName="msdyn_sustainabilityorganizationalunit" parentDisplayName="Organizational unit" solution="msdyn_SustainabilitySharedDataModel (2.10.0.271)">
          <package>msdyn_SustainabilityAnchor (2.10.0.271)</package>
          <package>msdyn_SustainabilityDataModelAnchor (2.9.0.387)</package>
          <package>msdyn_SustainabilityWasteDataModelAnchor (2.9.0.387)</package>
          <package>msdyn_SustainabilityWaterDataModelAnchor (2.9.0.387)</package>
        </Required>
        <Dependent type="10" schemaName="shbx_shbx_capemission_OrgUnitBusinessDivision_" displayName="shbx_shbx_capemission_OrgUnitBusinessDivision_" parentSchemaName="msdyn_sustainabilityorganizationalunit" parentDisplayName="Organizational unit" />
      </MissingDependency>
      <MissingDependency>
        <Required type="2" schemaName="msdyn_name" displayName="Name" parentSchemaName="msdyn_sustainabilityorganizationalunit" parentDisplayName="Organizational unit" solution="msdyn_SustainabilitySharedDataModel (2.10.0.271)">
          <package>msdyn_SustainabilityAnchor (2.10.0.271)</package>
          <package>msdyn_SustainabilityDataModelAnchor (2.9.0.387)</package>
          <package>msdyn_SustainabilityWasteDataModelAnchor (2.9.0.387)</package>
          <package>msdyn_SustainabilityWaterDataModelAnchor (2.9.0.387)</package>
        </Required>
        <Dependent type="10" schemaName="shbx_shbx_capemission_OrgUnitDivision_msdyn_su" displayName="shbx_shbx_capemission_OrgUnitDivision_msdyn_su" parentSchemaName="msdyn_sustainabilityorganizationalunit" parentDisplayName="Organizational unit" />
      </MissingDependency>
      <MissingDependency>
        <Required type="2" schemaName="msdyn_sustainabilityorganizationalunitid" displayName="Reporting organizational unit" parentSchemaName="msdyn_sustainabilityorganizationalunit" parentDisplayName="Organizational unit" solution="msdyn_SustainabilitySharedDataModel (2.10.0.271)">
          <package>msdyn_SustainabilityAnchor (2.10.0.271)</package>
          <package>msdyn_SustainabilityDataModelAnchor (2.9.0.387)</package>
          <package>msdyn_SustainabilityWasteDataModelAnchor (2.9.0.387)</package>
          <package>msdyn_SustainabilityWaterDataModelAnchor (2.9.0.387)</package>
        </Required>
        <Dependent type="10" schemaName="shbx_shbx_capemission_OrgUnitDivision_msdyn_su" displayName="shbx_shbx_capemission_OrgUnitDivision_msdyn_su" parentSchemaName="msdyn_sustainabilityorganizationalunit" parentDisplayName="Organizational unit" />
      </MissingDependency>
    </MissingDependencies>
  </SolutionManifest>
</ImportExportXml>